Date,Close,Volume
2014-10-23,20.0,0
2014-10-24,20.0,0
2014-10-27,20.0,0
2014-10-28,20.0,0
2014-10-29,20.0,0
2014-10-30,19.989999771118164,0
2014-10-31,20.200000762939453,16734000
2014-11-03,20.36000061035156,9473000
2014-11-04,20.46999931335449,6314000
2014-11-05,20.299999237060547,6678000
2014-11-06,20.01000022888184,11583000
2014-11-07,20.1299991607666,7900000
2014-11-10,20.739999771118164,11462000
2014-11-11,20.690000534057617,5152000
2014-11-12,20.100000381469727,4540000
2014-11-13,20.299999237060547,2603000
2014-11-14,20.31999969482422,2762000
2014-11-17,20.059999465942383,6678000
2014-11-18,19.89999961853028,4106000
2014-11-19,20.3799991607666,7707000
2014-11-20,20.90999984741211,4868000
2014-11-21,19.479999542236328,8482000
2014-11-24,19.46999931335449,6424000
2014-11-25,19.450000762939453,4919000
2014-11-26,19.479999542236328,1768000
2014-11-27,19.32999992370605,5636000
2014-11-28,19.34000015258789,3636000
2014-12-01,19.450000762939453,8582000
2014-12-02,19.6200008392334,7542000
2014-12-03,19.34000015258789,9547000
2014-12-04,19.26000022888184,11225000
2014-12-05,19.270000457763672,1902000
2014-12-08,19.299999237060547,2488000
2014-12-09,19.39999961853028,1926000
2014-12-10,19.64999961853028,5619000
2014-12-11,19.65999984741211,3793000
2014-12-12,19.64999961853028,2133000
2014-12-15,19.65999984741211,8275000
2014-12-16,19.739999771118164,5639000
2014-12-17,19.90999984741211,23069000
2014-12-18,19.950000762939453,16728000
2014-12-19,19.59000015258789,7464000
2014-12-22,19.43000030517578,3874000
2014-12-23,19.3799991607666,2677000
2014-12-24,19.270000457763672,5562000
2014-12-25,19.270000457763672,2226000
2014-12-26,19.200000762939453,2969000
2014-12-29,18.979999542236328,8002000
2014-12-30,19.059999465942383,4986000
2014-12-31,19.049999237060547,3402000
2015-01-05,19.1200008392334,5630000
2015-01-06,19.530000686645508,10196000
2015-01-07,19.489999771118164,6160000
2015-01-08,19.1200008392334,13057000
2015-01-09,19.170000076293945,3760000
2015-01-12,19.25,4095000
2015-01-13,19.15999984741211,8018000
2015-01-14,19.270000457763672,6469000
2015-01-15,19.270000457763672,6897000
2015-01-16,19.39999961853028,14117000
2015-01-19,19.309999465942383,9903000
2015-01-20,19.1200008392334,12819000
2015-01-21,19.030000686645508,16199000
2015-01-22,18.88999938964844,14728000
2015-01-23,18.700000762939453,14849000
2015-01-26,18.709999084472656,11400000
2015-01-27,18.600000381469727,6508000
2015-01-28,18.59000015258789,11518000
2015-01-29,18.75,8440000
2015-01-30,18.81999969482422,6799000
2015-02-02,18.81999969482422,5569000
2015-02-03,18.709999084472656,8608000
2015-02-04,18.600000381469727,9860000
2015-02-05,16.969999313354492,0
2015-02-06,18.690000534057617,3084000
2015-02-09,18.729999542236328,2615000
2015-02-10,18.770000457763672,3636000
2015-02-11,18.6299991607666,3100000
2015-02-12,18.65999984741211,2168000
2015-02-13,18.57999992370605,6517000
2015-02-24,18.38999938964844,11150000
2015-02-25,18.280000686645508,8106000
2015-02-26,18.34000015258789,2518000
2015-03-02,18.38999938964844,3691000
2015-03-03,18.39999961853028,1693000
2015-03-04,18.40999984741211,2212000
2015-03-05,18.420000076293945,2768000
2015-03-06,18.39999961853028,2965000
2015-03-09,18.46999931335449,4007000
2015-03-10,18.559999465942383,4951000
2015-03-11,18.59000015258789,5406000
2015-03-12,18.450000762939453,4901000
2015-03-13,18.46999931335449,5060000
2015-03-16,18.530000686645508,2040000
2015-03-17,18.520000457763672,5962000
2015-03-18,18.38999938964844,7883000
2015-03-19,18.190000534057617,14028000
2015-03-20,18.18000030517578,2844000
2015-03-23,18.18000030517578,2880000
2015-03-24,18.239999771118164,2536000
2015-03-25,18.280000686645508,2214000
2015-03-26,18.420000076293945,7585000
2015-03-27,18.559999465942383,6347000
2015-03-30,18.540000915527344,5997000
2015-03-31,18.479999542236328,3981000
2015-04-01,18.61000061035156,5560000
2015-04-02,18.40999984741211,9496000
2015-04-07,18.350000381469727,6478000
2015-04-08,18.479999542236328,3136000
2015-04-09,18.46999931335449,8097000
2015-04-10,18.38999938964844,3541000
2015-04-13,18.31999969482422,5996000
2015-04-14,18.350000381469727,10159000
2015-04-15,18.530000686645508,10076000
2015-04-16,18.3700008392334,5722000
2015-04-17,18.459999084472656,2853000
2015-04-20,18.489999771118164,7063000
2015-04-21,18.51000022888184,3123000
2015-04-22,18.3700008392334,6583000
2015-04-23,17.969999313354492,22180000
2015-04-24,17.829999923706055,14658000
2015-04-27,17.649999618530273,10133000
2015-04-28,17.709999084472656,3866000
2015-04-29,17.81999969482422,4152000
2015-04-30,17.8799991607666,3412000
2015-05-04,17.850000381469727,3021000
2015-05-05,17.93000030517578,2580000
2015-05-06,17.889999389648438,4710000
2015-05-07,18.06999969482422,8280000
2015-05-08,18.100000381469727,4011000
2015-05-11,18.13999938964844,9595000
2015-05-12,18.14999961853028,5463000
2015-05-13,18.1200008392334,5063000
2015-05-14,18.32999992370605,10152000
2015-05-15,18.440000534057617,8604000
2015-05-18,18.39999961853028,3664000
2015-05-19,18.170000076293945,6309000
2015-05-20,18.209999084472656,3165000
2015-05-21,18.450000762939453,8141000
2015-05-22,18.350000381469727,6477000
2015-05-25,18.36000061035156,3066000
2015-05-26,18.270000457763672,7062000
2015-05-27,18.200000762939453,4696000
2015-05-28,18.14999961853028,5013000
2015-05-29,18.15999984741211,4493000
2015-06-01,18.31999969482422,7618000
2015-06-02,18.36000061035156,4563000
2015-06-03,18.5,6961000
2015-06-04,18.90999984741211,20728000
2015-06-05,18.88999938964844,18279000
2015-06-08,18.809999465942383,12266000
2015-06-09,19.06999969482422,12321000
2015-06-10,18.93000030517578,12125000
2015-06-11,18.93000030517578,10871000
2015-06-12,18.979999542236328,8195000
2015-06-15,19.059999465942383,5393000
2015-06-16,19.209999084472656,11554000
2015-06-17,19.13999938964844,7033000
2015-06-18,19.11000061035156,6793000
2015-06-22,18.850000381469727,12249000
2015-06-23,18.76000022888184,11046000
2015-06-24,18.780000686645508,2573000
2015-06-25,18.57999992370605,15045000
2015-06-26,18.600000381469727,4920000
2015-06-29,19.020000457763672,14918000
2015-06-30,18.8700008392334,10640000
2015-07-01,18.690000534057617,10740000
2015-07-02,18.68000030517578,3789000
2015-07-03,18.64999961853028,7581000
2015-07-06,18.790000915527344,12721000
2015-07-07,18.75,5411000
2015-07-08,19.31999969482422,35034000
2015-07-09,19.39999961853028,42816000
2015-07-10,19.39999961853028,0
2015-07-13,19.13999938964844,23405000
2015-07-14,19.170000076293945,16179000
2015-07-15,19.15999984741211,12059000
2015-07-16,19.07999992370605,9800000
2015-07-17,19.11000061035156,6234000
2015-07-20,19.239999771118164,10964000
2015-07-21,19.13999938964844,7013000
2015-07-22,19.26000022888184,9321000
2015-07-23,19.40999984741211,17544000
2015-07-24,19.540000915527344,9212000
2015-07-27,19.89999961853028,14659000
2015-07-28,19.82999992370605,15080000
2015-07-29,19.989999771118164,10779000
2015-07-30,19.75,12454000
2015-07-31,19.8799991607666,13405000
2015-08-03,20.13999938964844,25123000
2015-08-04,20.11000061035156,16628000
2015-08-05,19.920000076293945,11039000
2015-08-06,20.190000534057617,15173000
2015-08-07,20.239999771118164,9609000
2015-08-10,20.07999992370605,13280000
2015-08-11,20.270000457763672,13071000
2015-08-12,20.459999084472656,14422000
2015-08-13,20.43000030517578,9865000
2015-08-14,20.450000762939453,5555000
2015-08-17,20.59000015258789,5732000
2015-08-18,20.75,7185000
2015-08-19,21.09000015258789,14702000
2015-08-20,21.18000030517578,22020000
2015-08-21,21.76000022888184,21196000
2015-08-24,14.4399995803833,34276000
2015-08-25,15.600000381469728,27415000
2015-08-26,15.770000457763672,15028000
2015-08-27,15.890000343322754,12865000
2015-08-28,16.780000686645508,17831000
2015-08-31,16.979999542236328,7073000
2015-09-01,16.639999389648438,8463000
2015-09-02,17.010000228881836,7944000
2015-09-03,17.049999237060547,6430000
2015-09-04,16.729999542236328,6943000
2015-09-07,16.81999969482422,4911000
2015-09-08,16.81999969482422,2707000
2015-09-09,18.39999961853028,12150000
2015-09-10,18.190000534057617,5514000
2015-09-11,18.280000686645508,4003000
2015-09-14,18.14999961853028,3889000
2015-09-15,18.040000915527344,3671000
2015-09-16,18.290000915527344,5374000
2015-09-17,18.979999542236328,5453000
2015-09-18,19.07999992370605,2603000
2015-09-21,18.200000762939453,8606000
2015-09-22,18.3799991607666,3019000
2015-09-23,17.68000030517578,9816000
2015-09-24,17.459999084472656,6610000
2015-09-25,17.540000915527344,5675000
2015-09-29,17.540000915527344,0
2015-09-30,17.670000076293945,5682000
2015-10-01,18.280000686645508,11939000
2015-10-02,18.170000076293945,5465000
2015-10-05,18.299999237060547,5284000
2015-10-06,18.559999465942383,10043000
2015-10-07,19.100000381469727,7849000
2015-10-08,18.8700008392334,5067000
2015-10-12,19.5,9129000
2015-10-13,19.39999961853028,3140000
2015-10-14,19.239999771118164,2258000
2015-10-15,19.700000762939453,5025000
2015-10-16,19.6200008392334,2596000
2015-10-19,19.670000076293945,2940000
2015-10-20,19.770000457763672,1258000
2015-10-21,19.540000915527344,4997000
2015-10-22,19.600000381469727,1361000
2015-10-23,19.89999961853028,3645000
2015-10-26,20.200000762939453,2194000
2015-10-27,19.959999084472656,1873000
2015-10-28,19.790000915527344,2086000
2015-10-29,19.479999542236328,3003000
2015-10-30,19.459999084472656,5647000
2015-11-02,19.479999542236328,3132000
2015-11-03,20.09000015258789,6619000
2015-11-04,20.82999992370605,9030000
2015-11-05,20.809999465942383,2196000
2015-11-06,20.040000915527344,11259000
2015-11-09,19.68000030517578,7769000
2015-11-10,19.270000457763672,11365000
2015-11-11,18.799999237060547,18932000
2015-11-12,18.82999992370605,11563000
2015-11-13,18.43000030517578,13355000
2015-11-16,18.200000762939453,12426000
2015-11-17,18.81999969482422,16070000
2015-11-18,18.31999969482422,10734000
2015-11-19,18.790000915527344,13497000
2015-11-20,18.790000915527344,4658000
2015-11-23,18.93000030517578,5587000
2015-11-24,18.600000381469727,5679000
2015-11-25,18.530000686645508,4472000
2015-11-26,19.059999465942383,11568000
2015-11-27,18.6299991607666,6427000
2015-11-30,18.09000015258789,14398000
2015-12-01,18.76000022888184,11895000
2015-12-02,18.84000015258789,6663000
2015-12-03,18.89999961853028,6050000
2015-12-04,18.549999237060547,11747000
2015-12-07,18.88999938964844,12010000
2015-12-08,18.3700008392334,16818000
2015-12-09,17.969999313354492,22183000
2015-12-10,17.729999542236328,23510000
2015-12-11,17.260000228881836,14899000
2015-12-14,17.079999923706055,13120000
2015-12-15,17.1299991607666,11363000
2015-12-16,17.600000381469727,13903000
2015-12-17,18.049999237060547,14938000
2015-12-18,17.90999984741211,10648000
2015-12-21,17.969999313354492,9381000
2015-12-22,17.93000030517578,5338000
2015-12-23,18.049999237060547,10513000
2015-12-24,18.18000030517578,9053000
2015-12-25,18.36000061035156,6529000
2015-12-28,18.3799991607666,3472000
2015-12-29,18.040000915527344,7876000
2015-12-30,17.8799991607666,7436000
2015-12-31,17.969999313354492,6022000
2016-01-04,17.190000534057617,21169000
2016-01-05,16.940000534057617,13653000
2016-01-06,16.6299991607666,25549000
2016-01-07,16.020000457763672,45572000
2016-01-08,16.219999313354492,30770000
2016-01-11,15.710000038146973,26001000
2016-01-12,15.579999923706056,15232000
2016-01-13,15.890000343322754,15173000
2016-01-14,15.579999923706056,15454000
2016-01-15,15.40999984741211,16270000
2016-01-18,15.960000038146973,23814000
2016-01-19,16.100000381469727,12093000
2016-01-20,15.149999618530272,25833000
2016-01-21,15.229999542236328,16007000
2016-01-22,15.649999618530272,12529000
2016-01-25,16.190000534057617,17782000
2016-01-26,15.920000076293944,8228000
2016-01-27,15.989999771118164,9971000
2016-01-28,16.18000030517578,15178000
2016-01-29,16.920000076293945,28380000
2016-01-30,17.469999313354492,0
2016-02-01,17.270000457763672,9747000
2016-02-02,17.200000762939453,5996000
2016-02-03,16.969999313354492,8868000
2016-02-15,17.030000686645508,7561000
2016-02-16,17.75,13377000
2016-02-17,17.610000610351562,6983000
2016-02-18,18.020000457763672,12316000
2016-02-19,18.100000381469727,6714000
2016-02-22,18.1200008392334,8813000
2016-02-23,18.059999465942383,2962000
2016-02-24,17.81999969482422,8550000
2016-02-25,18.299999237060547,8901000
2016-02-26,18.3799991607666,5926000
2016-03-01,18.799999237060547,9451000
2016-03-02,19.049999237060547,8046000
2016-03-03,19.350000381469727,10553000
2016-03-04,19.479999542236328,6734000
2016-03-07,19.479999542236328,7435000
2016-03-08,19.479999542236328,5540000
2016-03-09,19.479999542236328,5270000
2016-03-10,19.57999992370605,4578000
2016-03-11,19.88999938964844,6504000
2016-03-14,20.13999938964844,4489000
2016-03-15,19.3700008392334,6162000
2016-03-16,19.739999771118164,3809000
2016-03-17,20.030000686645508,9041000
2016-03-18,20.39999961853028,4978000
2016-03-21,20.350000381469727,3872000
2016-03-22,20.14999961853028,3880000
2016-03-23,20.14999961853028,3578000
2016-03-24,20.18000030517578,4203000
2016-03-25,20.0,2990000
2016-03-28,20.0,1831000
2016-03-29,19.65999984741211,4399000
2016-03-30,20.299999237060547,6562000
2016-03-31,20.239999771118164,6840000
2016-04-01,19.780000686645508,5173000
2016-04-06,19.040000915527344,9343000
2016-04-07,18.82999992370605,11322000
2016-04-08,19.049999237060547,8053000
2016-04-11,19.26000022888184,7059000
2016-04-12,19.200000762939453,5971000
2016-04-13,19.86000061035156,8115000
2016-04-14,19.950000762939453,5351000
2016-04-15,20.100000381469727,8179000
2016-04-18,19.850000381469727,3438000
2016-04-19,19.670000076293945,8346000
2016-04-20,19.030000686645508,12012000
2016-04-21,19.290000915527344,5081000
2016-04-22,19.290000915527344,7695000
2016-04-25,19.420000076293945,5493000
2016-04-26,19.57999992370605,11310000
2016-04-27,19.549999237060547,4971000
2016-04-28,18.8799991607666,16079000
2016-04-29,18.440000534057617,14831000
2016-05-03,18.100000381469727,18192000
2016-05-04,17.600000381469727,28530000
2016-05-05,17.65999984741211,23499000
2016-05-06,17.43000030517578,25072000
2016-05-09,17.399999618530273,19815000
2016-05-10,17.610000610351562,25449000
2016-05-11,17.450000762939453,28757000
2016-05-12,17.389999389648438,16543000
2016-05-13,17.0,41093000
2016-05-16,17.229999542236328,24930000
2016-05-17,17.559999465942383,28975000
2016-05-18,17.5,26999000
2016-05-19,17.260000228881836,27589000
2016-05-20,17.510000228881836,37611000
2016-05-23,18.540000915527344,55145000
2016-05-24,18.299999237060547,23165000
2016-05-25,18.71999931335449,28906000
2016-05-26,18.700000762939453,12205000
2016-05-27,18.989999771118164,16310000
2016-05-30,19.290000915527344,14798000
2016-05-31,19.25,12479000
2016-06-01,19.59000015258789,18036000
2016-06-02,19.43000030517578,12038000
2016-06-03,19.540000915527344,6344000
2016-06-04,19.68000030517578,0
2016-06-06,19.6200008392334,12161000
2016-06-07,20.06999969482422,12906000
2016-06-08,20.280000686645508,11413000
2016-06-13,19.309999465942383,11950000
2016-06-14,19.56999969482422,10519000
2016-06-15,19.729999542236328,9561000
2016-06-16,19.1200008392334,15704000
2016-06-17,19.61000061035156,11076000
2016-06-20,19.950000762939453,2000
2016-06-21,20.18000030517578,0
2016-06-22,20.15999984741211,46000
2016-06-23,20.15999984741211,7000
2016-06-24,18.90999984741211,33000
2016-06-27,19.34000015258789,92000
2016-06-28,19.540000915527344,18000
2016-06-29,19.850000381469727,29000
2016-06-30,20.280000686645508,6000
2016-07-01,20.729999542236328,24000
2016-07-04,20.809999465942383,3000
2016-07-05,20.71999931335449,32000
2016-07-06,19.90999984741211,23000
2016-07-07,20.40999984741211,12000
2016-07-11,21.229999542236328,3000
2016-07-12,21.520000457763672,15000
2016-07-13,21.559999465942383,64000
2016-07-14,21.64999961853028,43000
2016-07-15,22.170000076293945,52000
2016-07-18,22.61000061035156,12663000
2016-07-19,22.809999465942383,15377000
2016-07-20,22.6200008392334,13578000
2016-07-21,23.100000381469727,13038000
2016-07-22,22.920000076293945,10989000
2016-07-25,22.63999938964844,22458000
2016-07-26,22.959999084472656,11062000
2016-07-27,23.15999984741211,15397000
2016-07-28,23.21999931335449,11349000
2016-07-29,22.89999961853028,9266000
2016-08-01,23.3799991607666,17408000
2016-08-02,23.350000381469727,7423000
2016-08-03,22.940000534057617,15162000
2016-08-04,23.01000022888184,8197000
2016-08-05,23.549999237060547,14703000
2016-08-08,23.799999237060547,10578000
2016-08-09,23.96999931335449,6602000
2016-08-10,24.13999938964844,7618000
2016-08-11,23.700000762939453,14784000
2016-08-12,23.93000030517578,5938000
2016-08-15,23.940000534057617,5213000
2016-08-16,23.690000534057617,8096000
2016-08-17,23.65999984741211,4862000
2016-08-18,23.780000686645508,3479000
2016-08-19,23.299999237060547,11367000
2016-08-22,22.90999984741211,11733000
2016-08-23,23.450000762939453,10774000
2016-08-24,23.309999465942383,4420000
2016-08-25,23.809999465942383,10385000
2016-08-26,23.93000030517578,5110000
2016-08-29,23.71999931335449,9369000
2016-08-30,23.770000457763672,4086000
2016-08-31,23.440000534057617,5645000
2016-09-01,23.209999084472656,9865000
2016-09-02,23.13999938964844,4892000
2016-09-05,23.89999961853028,8265000
2016-09-06,24.280000686645508,7694000
2016-09-07,24.950000762939453,8141000
2016-09-08,24.850000381469727,6581000
2016-09-09,24.18000030517578,10535000
2016-09-10,23.309999465942383,0
2016-09-12,23.06999969482422,11516000
2016-09-13,22.950000762939453,14987000
2016-09-14,22.809999465942383,6865000
2016-09-19,24.309999465942383,18858000
2016-09-20,24.26000022888184,6786000
2016-09-21,24.5,4887000
2016-09-22,24.670000076293945,9792000
2016-09-23,24.989999771118164,6063000
2016-09-26,24.46999931335449,4361000
2016-09-27,24.46999931335449,0
2016-09-28,24.46999931335449,0
2016-09-29,25.13999938964844,7654000
2016-09-30,24.57999992370605,5488000
2016-10-03,24.709999084472656,5249000
2016-10-04,25.059999465942383,5235000
2016-10-05,24.96999931335449,4436000
2016-10-06,25.020000457763672,3797000
2016-10-07,25.030000686645508,2668000
2016-10-11,24.71999931335449,8242000
2016-10-12,25.229999542236328,7342000
2016-10-13,24.81999969482422,5528000
2016-10-14,24.700000762939453,4423000
2016-10-17,24.68000030517578,10121000
2016-10-18,24.96999931335449,5978000
2016-10-19,25.26000022888184,5632000
2016-10-20,25.450000762939453,4945000
2016-10-21,25.43000030517578,5811000
2016-10-24,25.57999992370605,4328000
2016-10-25,26.01000022888184,5495000
2016-10-26,25.76000022888184,3906000
2016-10-27,25.459999084472656,4969000
2016-10-28,25.420000076293945,3308000
2016-10-31,25.46999931335449,7140000
2016-11-01,25.40999984741211,4072000
2016-11-02,24.700000762939453,8567000
2016-11-03,24.40999984741211,6480000
2016-11-04,24.26000022888184,4157000
2016-11-07,24.979999542236328,6545000
2016-11-08,25.15999984741211,6834000
2016-11-09,23.57999992370605,36520000
2016-11-10,24.89999961853028,15548000
2016-11-11,23.64999961853028,16985000
2016-11-14,23.57999992370605,12272000
2016-11-15,23.56999969482422,5517000
2016-11-16,23.71999931335449,7240000
2016-11-17,23.700000762939453,4845000
2016-11-18,23.88999938964844,4689000
2016-11-21,23.950000762939453,3463000
2016-11-22,24.6299991607666,8702000
2016-11-23,24.82999992370605,4657000
2016-11-24,24.600000381469727,3758000
2016-11-25,24.65999984741211,3012000
2016-11-28,25.01000022888184,4172000
2016-11-29,24.940000534057617,3154000
2016-11-30,24.89999961853028,2579000
2016-12-01,25.14999961853028,3539000
2016-12-02,24.540000915527344,5101000
2016-12-05,24.530000686645508,2959000
2016-12-06,25.170000076293945,4863000
2016-12-07,25.170000076293945,2573000
2016-12-08,25.65999984741211,6730000
2016-12-09,25.86000061035156,3882000
2016-12-12,25.700000762939453,3890000
2016-12-13,25.809999465942383,1698000
2016-12-14,25.799999237060547,1618000
2016-12-15,25.75,3372000
2016-12-16,25.459999084472656,2280000
2016-12-19,25.06999969482422,4296000
2016-12-20,25.040000915527344,3152000
2016-12-21,24.96999931335449,2912000
2016-12-22,24.39999961853028,6363000
2016-12-23,24.25,4987000
2016-12-26,24.34000015258789,3171000
2016-12-27,24.36000061035156,1151000
2016-12-28,24.86000061035156,4382000
2016-12-29,24.700000762939453,2858000
2016-12-30,25.01000022888184,6294000
2017-01-03,25.059999465942383,2357000
2017-01-04,25.14999961853028,2662000
2017-01-05,25.489999771118164,5909000
2017-01-06,25.61000061035156,2488000
2017-01-09,25.489999771118164,4159000
2017-01-10,25.46999931335449,1588000
2017-01-11,25.489999771118164,1873000
2017-01-12,25.89999961853028,4488000
2017-01-13,25.670000076293945,1498000
2017-01-16,25.190000534057617,3762000
2017-01-17,25.43000030517578,1405000
2017-01-18,25.32999992370605,2057000
2017-01-19,25.21999931335449,2042000
2017-01-20,25.350000381469727,1164000
2017-01-23,25.809999465942383,3967000
2017-01-24,26.049999237060547,3311000
2017-02-02,25.770000457763672,5275000
2017-02-03,25.8700008392334,2463000
2017-02-06,26.21999931335449,3846000
2017-02-07,26.299999237060547,2921000
2017-02-08,26.280000686645508,3593000
2017-02-09,26.61000061035156,2973000
2017-02-10,27.11000061035156,4800000
2017-02-13,27.309999465942383,1811000
2017-02-14,27.40999984741211,2959000
2017-02-15,27.88999938964844,2875000
2017-02-16,27.700000762939453,3237000
2017-02-17,27.65999984741211,890000
2017-02-18,27.81999969482422,0
2017-02-20,27.46999931335449,1501000
2017-02-21,27.559999465942383,1521000
2017-02-22,27.670000076293945,2801000
2017-02-23,27.549999237060547,1274000
2017-02-24,27.540000915527344,1111000
2017-03-01,27.100000381469727,3555000
2017-03-02,27.100000381469727,4176000
2017-03-03,26.809999465942383,3050000
2017-03-06,26.940000534057617,1782000
2017-03-07,27.190000534057617,2114000
2017-03-08,27.32999992370605,1728000
2017-03-09,26.799999237060547,3714000
2017-03-10,26.739999771118164,4153000
2017-03-13,27.06999969482422,2528000
2017-03-14,27.39999961853028,2316000
2017-03-15,27.32999992370605,1508000
2017-03-16,27.96999931335449,6601000
2017-03-17,28.209999084472656,5360000
2017-03-20,28.299999237060547,1983000
2017-03-21,28.729999542236328,2521000
2017-03-22,28.309999465942383,3938000
2017-03-23,28.489999771118164,2312000
2017-03-24,28.31999969482422,1951000
2017-03-27,28.25,1228000
2017-03-28,28.31999969482422,2417000
2017-03-29,28.209999084472656,1632000
2017-03-30,28.14999961853028,893000
2017-03-31,27.989999771118164,1762000
2017-04-05,28.64999961853028,4209000
2017-04-06,28.3700008392334,1612000
2017-04-07,28.170000076293945,7235000
2017-04-10,28.200000762939453,1382000
2017-04-11,27.989999771118164,3425000
2017-04-12,27.979999542236328,1531000
2017-04-13,28.21999931335449,4808000
2017-04-14,27.59000015258789,3592000
2017-04-17,27.63999938964844,2637000
2017-04-18,27.61000061035156,1614000
2017-04-19,27.059999465942383,4446000
2017-04-20,27.09000015258789,2708000
2017-04-21,27.530000686645508,2712000
2017-04-24,27.64999961853028,2407000
2017-04-25,28.200000762939453,5996000
2017-04-26,28.350000381469727,2824000
2017-04-27,28.280000686645508,1734000
2017-04-28,28.3700008392334,1579000
2017-05-02,28.86000061035156,5549000
2017-05-03,29.0,2085000
2017-05-04,29.059999465942383,1340000
2017-05-05,28.64999961853028,1560000
2017-05-08,29.0,1980000
2017-05-09,29.15999984741211,4972000
2017-05-10,29.3700008392334,1483000
2017-05-11,29.57999992370605,1543000
2017-05-12,29.450000762939453,1182000
2017-05-15,29.729999542236328,2323000
2017-05-16,29.600000381469727,1566000
2017-05-17,29.46999931335449,1325000
2017-05-18,29.280000686645508,2535000
2017-05-19,29.21999931335449,896000
2017-05-22,29.36000061035156,1016000
2017-05-23,29.59000015258789,1084000
2017-05-24,29.6299991607666,1020000
2017-05-25,30.200000762939453,2651000
2017-05-26,30.15999984741211,1706000
2017-05-31,29.739999771118164,1771000
2017-06-01,29.989999771118164,1537000
2017-06-02,30.280000686645508,1199000
2017-06-03,30.530000686645508,0
2017-06-05,30.739999771118164,3791000
2017-06-06,30.700000762939453,1545000
2017-06-07,30.770000457763672,1520000
2017-06-08,30.959999084472656,1119000
2017-06-09,30.799999237060547,1819000
2017-06-12,30.239999771118164,2399000
2017-06-13,30.299999237060547,803000
2017-06-14,29.920000076293945,1816000
2017-06-15,29.989999771118164,803000
2017-06-16,30.57999992370605,1519000
2017-06-19,31.209999084472656,3395000
2017-06-20,31.8700008392334,3742000
2017-06-21,31.950000762939453,2506000
2017-06-22,32.22999954223633,1757000
2017-06-23,32.130001068115234,1155000
2017-06-26,33.31999969482422,4814000
2017-06-27,33.209999084472656,1651000
2017-06-28,32.619998931884766,3550000
2017-06-29,32.72999954223633,1807000
2017-06-30,32.5099983215332,2017000
2017-07-03,32.66999816894531,1597000
2017-07-04,32.279998779296875,1359000
2017-07-05,32.77000045776367,2264000
2017-07-06,32.540000915527344,1712000
2017-07-07,32.189998626708984,1428000
2017-07-10,32.310001373291016,1370000
2017-07-11,33.369998931884766,3527000
2017-07-12,33.33000183105469,3402000
2017-07-13,33.880001068115234,2965000
2017-07-14,33.65999984741211,1494000
2017-07-17,33.900001525878906,2243000
2017-07-18,33.939998626708984,2154000
2017-07-19,34.209999084472656,2844000
2017-07-20,34.27000045776367,1425000
2017-07-21,33.900001525878906,3214000
2017-07-24,33.939998626708984,1357000
2017-07-25,34.06999969482422,509000
2017-07-26,33.810001373291016,1731000
2017-07-27,34.59000015258789,2726000
2017-07-28,33.810001373291016,3502000
2017-07-31,33.900001525878906,1559000
2017-08-01,34.06999969482422,3699000
2017-08-02,34.619998931884766,2417000
2017-08-03,34.34000015258789,3096000
2017-08-04,34.470001220703125,1260000
2017-08-07,35.040000915527344,2053000
2017-08-08,35.0,1893000
2017-08-09,34.45000076293945,2826000
2017-08-10,33.91999816894531,3118000
2017-08-11,33.66999816894531,4442000
2017-08-14,33.279998779296875,4275000
2017-08-15,33.560001373291016,1636000
2017-08-16,33.400001525878906,2080000
2017-08-17,33.95000076293945,2223000
2017-08-18,33.58000183105469,2491000
2017-08-21,33.630001068115234,1065390
2017-08-22,34.130001068115234,2081100
2017-08-23,34.11000061035156,2502010
2017-08-24,34.65999984741211,2709020
2017-08-25,34.91999816894531,1780080
2017-08-28,34.83000183105469,1099000
2017-08-29,34.70000076293945,2596000
2017-08-30,35.0,1722000
2017-08-31,35.15999984741211,1475054
2017-09-01,35.380001068115234,1148000
2017-09-04,35.220001220703125,618000
2017-09-05,35.20000076293945,711000
2017-09-06,34.91999816894531,1159000
2017-09-07,34.68000030517578,1068000
2017-09-08,35.099998474121094,837000
2017-09-11,35.09000015258789,1760000
2017-09-12,35.20000076293945,994080
2017-09-13,34.79999923706055,1593000
2017-09-14,34.90999984741211,1326000
2017-09-15,34.970001220703125,1263000
2017-09-18,35.4900016784668,1693070
2017-09-19,35.04999923706055,1568000
2017-09-20,34.810001373291016,1879000
2017-09-21,35.15999984741211,1358060
2017-09-22,34.29999923706055,3251000
2017-09-25,33.68000030517578,3445001
2017-09-26,33.209999084472656,3044166
2017-09-27,33.61000061035156,2534500
2017-09-28,33.439998626708984,1556001
2017-09-29,33.5099983215332,1497000
2017-10-02,34.31999969482422,1809060
2017-10-03,34.380001068115234,1641087
2017-10-05,34.66999816894531,1230100
2017-10-06,34.66999816894531,843000
2017-10-11,35.540000915527344,6051618
2017-10-12,36.11000061035156,2611680
2017-10-13,36.09000015258789,1253000
2017-10-16,36.41999816894531,984060
2017-10-17,36.33000183105469,1050356
2017-10-18,36.470001220703125,1259354
2017-10-19,36.7599983215332,929240
2017-10-20,36.59000015258789,574000
2017-10-23,36.540000915527344,417010
2017-10-24,36.4900016784668,963300
2017-10-25,36.40999984741211,517170
2017-10-26,36.41999816894531,431030
2017-10-27,36.20000076293945,1093000
2017-10-30,36.70000076293945,2868000
2017-10-31,36.97999954223633,839396
2017-11-01,36.970001220703125,722000
2017-11-02,36.79999923706055,533000
2017-11-03,36.709999084472656,478000
2017-11-06,36.77999877929688,1031000
2017-11-07,37.0099983215332,394230
2017-11-08,36.91999816894531,273000
2017-11-09,36.34999847412109,1164500
2017-11-10,36.43000030517578,816050
2017-11-13,36.25,431000
2017-11-14,36.18999862670898,1063200
2017-11-15,35.58000183105469,1730150
2017-11-16,35.720001220703125,1267040
2017-11-17,36.369998931884766,2089210
2017-11-20,36.02999877929688,1176000
2017-11-21,36.790000915527344,1197140
2017-11-22,37.09999847412109,2039030
2017-11-23,37.18999862670898,797060
2017-11-24,37.220001220703125,710000
2017-11-27,36.38999938964844,1603110
2017-11-28,35.97999954223633,1545511
2017-11-29,36.060001373291016,870791
2017-11-30,35.0099983215332,3973125
2017-12-01,35.06999969482422,3293115
2017-12-04,35.400001525878906,936050
2017-12-05,34.880001068115234,1362000
2017-12-06,33.75,3936300
2017-12-07,33.560001373291016,2744220
2017-12-08,33.7599983215332,1527230
2017-12-11,34.33000183105469,2114060
2017-12-12,33.86000061035156,2493210
2017-12-13,33.95000076293945,909069
2017-12-14,34.5099983215332,2050000
2017-12-15,34.029998779296875,2432000
2017-12-18,34.16999816894531,899030
2017-12-19,33.84000015258789,973010
2017-12-20,34.150001525878906,644030
2017-12-21,34.18000030517578,632000
2017-12-22,34.29999923706055,501000
2017-12-25,34.380001068115234,405030
2017-12-26,33.650001525878906,1658000
2017-12-27,33.93000030517578,867035
2017-12-28,34.5099983215332,2283030
2017-12-29,34.970001220703125,1868060
2018-01-02,35.369998931884766,1517070
2018-01-03,36.09999847412109,2376065
2018-01-04,36.209999084472656,1377100
2018-01-05,36.43000030517578,1870052
2018-01-08,36.65999984741211,1391035
2018-01-09,36.709999084472656,846035
2018-01-10,36.22999954223633,821000
2018-01-11,35.9900016784668,1504600
2018-01-12,36.709999084472656,2051065
2018-01-15,37.15999984741211,1417062
2018-01-16,37.34000015258789,1176250
2018-01-17,37.459999084472656,937000
2018-01-18,38.34999847412109,2509255
2018-01-19,38.97999954223633,1624200
2018-01-22,39.52000045776367,1799000
2018-01-23,39.65999984741211,1496154
2018-01-24,38.81999969482422,2411150
2018-01-25,39.06999969482422,3621321
2018-01-26,39.150001525878906,1410000
2018-01-29,39.43000030517578,1456000
2018-01-30,38.52999877929688,1587432
2018-01-31,38.68000030517578,1930201
2018-02-01,39.130001068115234,1872000
2018-02-02,38.810001373291016,2647000
2018-02-05,37.47999954223633,3111200
2018-02-06,33.599998474121094,12273450
2018-02-07,34.70000076293945,7922450
2018-02-08,34.779998779296875,2583150
2018-02-09,33.599998474121094,8062950
2018-02-12,34.099998474121094,3569450
2018-02-21,35.779998779296875,5293500
2018-02-22,35.380001068115234,2255000
2018-02-23,36.310001373291016,3020000
2018-02-26,36.5099983215332,2091600
2018-02-27,36.560001373291016,2717000
2018-03-01,36.119998931884766,2619000
2018-03-02,35.54999923706055,4720029
2018-03-05,35.189998626708984,3129000
2018-03-06,36.29999923706055,5227082
2018-03-07,35.91999816894531,2356000
2018-03-08,36.79999923706055,3318028
2018-03-09,36.95000076293945,2169100
2018-03-12,38.08000183105469,3475060
2018-03-13,38.65999984741211,2002100
2018-03-14,38.060001373291016,3298000
2018-03-15,38.130001068115234,1756001
2018-03-16,37.79999923706055,2883000
2018-03-19,37.869998931884766,1347000
2018-03-20,37.790000915527344,1491150
2018-03-21,37.91999816894531,827000
2018-03-22,37.70000076293945,3033000
2018-03-23,36.150001525878906,4620665
2018-03-26,36.61000061035156,2952000
2018-03-27,37.61000061035156,3363270
2018-03-28,36.5,4218000
2018-03-29,36.52999877929688,1462095
2018-03-30,37.11000061035156,3817000
2018-04-02,36.709999084472656,1302000
2018-04-03,36.25,3134182
2018-04-09,36.81999969482422,2380000
2018-04-10,37.150001525878906,3139027
2018-04-11,37.38999938964844,1731000
2018-04-12,37.09999847412109,1561050
2018-04-13,37.150001525878906,1184050
2018-04-16,37.0099983215332,839000
2018-04-17,36.150001525878906,3728150
2018-04-18,36.43000030517578,1793284
2018-04-19,37.36000061035156,2924132
2018-04-20,35.849998474121094,8012100
2018-04-23,35.31999969482422,3455350
2018-04-24,34.81999969482422,3983300
2018-04-25,34.40999984741211,4887280
2018-04-26,33.97999954223633,3866432
2018-04-27,34.34000015258789,2147000
2018-04-30,35.119998931884766,3122098
2018-05-02,34.81999969482422,1817100
2018-05-03,34.040000915527344,3572200
2018-05-04,34.20000076293945,1743027
2018-05-07,34.720001220703125,1844060
2018-05-08,35.060001373291016,1984000
2018-05-09,35.290000915527344,2999029
2018-05-10,35.63999938964844,2164000
2018-05-11,36.27000045776367,4517279
2018-05-14,36.970001220703125,3418432
2018-05-15,36.43999862670898,2632170
2018-05-16,36.43999862670898,1345400
2018-05-17,36.20000076293945,934000
2018-05-18,36.02999877929688,1109500
2018-05-21,37.040000915527344,2578430
2018-05-22,36.75,1148000
2018-05-23,36.41999816894531,1184000
2018-05-24,36.65999984741211,479000
2018-05-25,36.84999847412109,1281100
2018-05-28,37.13999938964844,1032168
2018-05-29,36.790000915527344,1742110
2018-05-30,35.77000045776367,2187180
2018-05-31,36.13999938964844,619000
2018-06-01,36.59000015258789,1336380
2018-06-04,37.79999923706055,3272109
2018-06-05,37.65999984741211,932500
2018-06-06,38.47999954223633,1451030
2018-06-07,38.58000183105469,1804350
2018-06-08,37.86000061035156,1474000
2018-06-11,38.0099983215332,1127000
2018-06-12,37.880001068115234,1834001
2018-06-13,38.11000061035156,1134205
2018-06-14,37.130001068115234,1618100
2018-06-15,37.40999984741211,1157900
2018-06-19,36.2599983215332,2217150
2018-06-20,36.810001373291016,2724001
2018-06-21,36.630001068115234,1271000
2018-06-22,36.47999954223633,2539000
2018-06-25,36.18000030517578,1394360
2018-06-26,36.060001373291016,3319050
2018-06-27,35.79999923706055,1813001
2018-06-28,35.66999816894531,2160401
2018-06-29,36.7400016784668,3520100
2018-07-02,36.369998931884766,2777000
2018-07-03,36.20000076293945,3090000
2018-07-04,36.4900016784668,1181000
2018-07-05,35.77000045776367,2249083
2018-07-06,36.040000915527344,2576000
2018-07-09,36.869998931884766,3574000
2018-07-10,37.15999984741211,1479000
2018-07-11,36.5099983215332,2899100
2018-07-12,37.40999984741211,2416050
2018-07-13,38.0,2870148
2018-07-16,37.77999877929688,1569000
2018-07-17,37.41999816894531,1461000
2018-07-18,37.84000015258789,2350260
2018-07-19,37.95000076293945,1482000
2018-07-20,38.68999862670898,3046350
2018-07-23,39.119998931884766,6149250
2018-07-24,39.34999847412109,1214600
2018-07-25,39.310001373291016,771250
2018-07-26,39.619998931884766,1473100
2018-07-27,40.20000076293945,791100
2018-07-30,40.02000045776367,1055600
2018-07-31,40.18000030517578,1258700
2018-08-01,40.650001525878906,1226000
2018-08-02,39.380001068115234,1216368
2018-08-03,40.09999847412109,945100
2018-08-06,40.18999862670898,785000
2018-08-07,40.040000915527344,505000
2018-08-08,40.68999862670898,870166
2018-08-09,40.5099983215332,658100
2018-08-10,40.130001068115234,900900
2018-08-13,38.619998931884766,3425127
2018-08-14,39.02000045776367,1287135
2018-08-15,38.33000183105469,2961035
2018-08-16,38.47999954223633,3596135
2018-08-17,38.25,2612050
2018-08-20,38.4900016784668,1080060
2018-08-21,39.08000183105469,1461009
2018-08-22,39.119998931884766,1883000
2018-08-23,39.5,1787035
2018-08-24,39.27000045776367,1608011
2018-08-27,39.88999938964844,2287000
2018-08-28,40.34999847412109,2234200
2018-08-29,41.13999938964844,4443040
2018-08-30,41.22999954223633,2675000
2018-08-31,40.86000061035156,2340250
2018-09-03,40.34000015258789,1387960
2018-09-04,40.86000061035156,742000
2018-09-05,40.68999862670898,960181
2018-09-06,40.27999877929688,1629100
2018-09-07,39.95000076293945,2279930
2018-09-10,39.43999862670898,4111055
2018-09-11,39.4900016784668,3948000
2018-09-12,39.41999816894531,4210140
2018-09-13,39.20000076293945,3604000
2018-09-14,40.59000015258789,4772000
2018-09-17,39.91999816894531,4047472
2018-09-18,39.560001373291016,2528051
2018-09-19,40.220001220703125,1825000
2018-09-20,40.0,2357000
2018-09-21,40.66999816894531,4063408
2018-09-25,40.83000183105469,3443001
2018-09-26,40.77000045776367,2151141
2018-09-27,40.970001220703125,3616050
2018-09-28,40.70000076293945,4104050
2018-10-01,41.11000061035156,1682200
2018-10-02,40.02000045776367,4345150
2018-10-03,40.0099983215332,2564200
2018-10-04,38.88999938964844,6024026
2018-10-05,37.77000045776367,10592227
2018-10-08,37.29999923706055,10604427
2018-10-09,37.400001525878906,6905471
2018-10-11,31.64999961853028,19581848
2018-10-12,33.779998779296875,12067182
2018-10-15,32.91999816894531,7085031
2018-10-16,33.400001525878906,4817046
2018-10-17,33.43000030517578,8170018
2018-10-18,33.220001220703125,4159031
2018-10-19,33.34000015258789,5791058
2018-10-22,33.459999084472656,7578116
2018-10-23,32.13999938964844,9160242
2018-10-24,32.0,10170100
2018-10-25,30.34000015258789,13071400
2018-10-26,30.170000076293945,11451142
2018-10-29,30.46999931335449,6419143
2018-10-30,30.75,5110186
2018-10-31,31.89999961853028,7357395
2018-11-01,32.4900016784668,5603200
2018-11-02,32.83000183105469,7439900
2018-11-05,32.439998626708984,5249142
2018-11-06,32.11000061035156,3366043
2018-11-07,32.81999969482422,5356000
2018-11-08,33.060001373291016,6493122
2018-11-09,32.220001220703125,5837121
2018-11-12,32.439998626708984,3500000
2018-11-13,31.979999542236328,5865000
2018-11-14,32.08000183105469,3458000
2018-11-15,32.400001525878906,3585000
2018-11-16,32.130001068115234,3317200
2018-11-19,32.22999954223633,1557000
2018-11-20,31.75,3777200
2018-11-21,31.780000686645508,4588000
2018-11-22,31.59000015258789,3574000
2018-11-23,31.200000762939453,3755328
2018-11-26,31.920000076293945,5005000
2018-11-27,31.88999938964844,3236000
2018-11-28,32.599998474121094,3959200
2018-11-29,32.63999938964844,5229040
2018-11-30,32.54999923706055,2204047
2018-12-03,34.380001068115234,8843088
2018-12-04,33.77000045776367,2569288
2018-12-05,32.709999084472656,5623300
2018-12-06,31.15999984741211,10625300
2018-12-07,31.739999771118164,4917095
2018-12-10,30.90999984741211,4681437
2018-12-11,31.3799991607666,2755096
2018-12-12,32.130001068115234,5164000
2018-12-13,32.279998779296875,3440000
2018-12-14,31.57999992370605,4946300
2018-12-17,32.040000915527344,4235000
2018-12-18,31.600000381469727,3269200
2018-12-19,31.8799991607666,2208050
2018-12-20,31.229999542236328,4449300
2018-12-21,31.31999969482422,5105000
2018-12-24,31.14999961853028,1668800
2018-12-25,30.18000030517578,5262600
2018-12-26,29.959999084472656,3406271
2018-12-27,31.100000381469727,5167097
2018-12-28,31.34000015258789,3204000
2019-01-02,30.46999931335449,5066446
2019-01-03,30.040000915527344,4256350
2019-01-04,29.3700008392334,6888410
2019-01-07,30.670000076293945,6304001
2019-01-08,30.59000015258789,2240850
2019-01-09,31.559999465942383,6562113
2019-01-10,31.38999938964844,1818000
2019-01-11,31.700000762939453,4873000
2019-01-14,31.309999465942383,2617220
2019-01-15,32.02000045776367,4218000
2019-01-16,31.88999938964844,1720000
2019-01-17,31.920000076293945,1894186
2019-01-18,32.279998779296875,2587000
2019-01-21,32.63999938964844,2161092
2019-01-22,32.470001220703125,1175092
2019-01-23,32.279998779296875,970888
2019-01-24,32.529998779296875,810330
2019-01-25,33.279998779296875,4054411
2019-01-28,33.4900016784668,1542000
2019-01-29,32.900001525878906,1983200
2019-01-30,32.900001525878906,1530150
2019-02-11,33.52000045776367,1955150
2019-02-12,33.959999084472656,2113000
2019-02-13,33.959999084472656,1385475
2019-02-14,33.869998931884766,1100500
2019-02-15,33.599998474121094,1564000
2019-02-18,34.29999923706055,2034070
2019-02-19,34.2599983215332,595000
2019-02-20,34.970001220703125,1635535
2019-02-21,35.4900016784668,1486100
2019-02-22,35.33000183105469,1090000
2019-02-25,35.90999984741211,2271300
2019-02-26,35.880001068115234,1205200
2019-02-27,35.79999923706055,1014000
2019-03-04,35.439998626708984,1120278
2019-03-05,35.189998626708984,2545250
2019-03-06,35.41999816894531,501000
2019-03-07,35.099998474121094,651297
2019-03-08,34.650001525878906,1362272
2019-03-11,34.79999923706055,383000
2019-03-12,35.70000076293945,1392000
2019-03-13,35.65999984741211,701116
2019-03-14,35.56999969482422,558200
2019-03-15,36.09999847412109,1356139
2019-03-18,36.5,987200
2019-03-19,36.70000076293945,1050200
2019-03-20,36.75,1938374
2019-03-21,37.380001068115234,1382082
2019-03-22,37.52000045776367,1327100
2019-03-25,36.41999816894531,2789400
2019-03-26,36.93000030517578,613064
2019-03-27,36.880001068115234,761000
2019-03-28,36.72999954223633,725200
2019-03-29,37.33000183105469,1334200
2019-04-01,37.81999969482422,1683500
2019-04-02,38.150001525878906,2099000
2019-04-03,38.13999938964844,931220
2019-04-08,38.79999923706055,1008210
2019-04-09,39.25,1047300
2019-04-10,39.41999816894531,878050
2019-04-11,39.0099983215332,1007200
2019-04-12,38.9900016784668,507000
2019-04-15,39.70000076293945,988700
2019-04-16,39.88999938964844,718200
2019-04-17,40.47999954223633,764250
2019-04-18,40.2599983215332,1676200
2019-04-19,40.36000061035156,1308000
2019-04-22,40.45000076293945,754000
2019-04-23,40.720001220703125,625000
2019-04-24,40.709999084472656,1515600
2019-04-25,40.93999862670898,569000
2019-04-26,40.08000183105469,1578400
2019-04-29,40.2400016784668,537000
2019-04-30,40.380001068115234,658000
2019-05-02,40.540000915527344,905000
2019-05-03,41.380001068115234,1092350
2019-05-06,39.75,1829301
2019-05-07,40.560001373291016,1389074
2019-05-08,40.09999847412109,1000200
2019-05-09,38.91999816894531,2242200
2019-05-10,38.810001373291016,3919000
2019-05-13,37.75,3734200
2019-05-14,37.43999862670898,3670100
2019-05-15,37.709999084472656,2516500
2019-05-16,37.0,3237100
2019-05-17,36.41999816894531,2999215
2019-05-20,36.45000076293945,1741250
2019-05-21,36.7400016784668,2630470
2019-05-22,36.70000076293945,2086000
2019-05-23,35.5,3977200
2019-05-24,35.61000061035156,1790000
2019-05-27,35.58000183105469,964000
2019-05-28,35.54999923706055,1103000
2019-05-29,35.25,1343000
2019-05-30,35.790000915527344,1726500
2019-05-31,36.4900016784668,3723500
2019-06-03,36.61000061035156,1955000
2019-06-04,36.2400016784668,1206000
2019-06-05,36.45000076293945,2099082
2019-06-06,35.849998474121094,2060300
2019-06-10,37.09999847412109,3115281
2019-06-11,37.43000030517578,2494000
2019-06-12,37.45000076293945,1313000
2019-06-13,36.93999862670898,1409081
2019-06-14,36.959999084472656,1173000
2019-06-17,37.02000045776367,962000
2019-06-18,36.970001220703125,599000
2019-06-19,38.65999984741211,4131078
2019-06-20,38.810001373291016,1513200
2019-06-21,38.75,2380270
2019-06-24,39.060001373291016,1911100
2019-06-25,38.5099983215332,1175100
2019-06-26,38.2400016784668,1368250
2019-06-27,39.09000015258789,2194200
2019-06-28,38.75,986000
2019-07-01,40.2599983215332,1995275
2019-07-02,40.09999847412109,620200
2019-07-03,39.34000015258789,2436200
2019-07-04,39.650001525878906,1050000
2019-07-05,39.75,698000
2019-07-08,39.31999969482422,1107340
2019-07-09,39.2400016784668,755000
2019-07-10,39.93000030517578,1518200
2019-07-11,40.4900016784668,1383950
2019-07-12,40.43000030517578,760850
2019-07-15,40.77000045776367,1518000
2019-07-16,40.93999862670898,438100
2019-07-17,40.459999084472656,900200
2019-07-18,40.40999984741211,1874000
2019-07-19,41.09999847412109,2035000
2019-07-22,41.4900016784668,1074150
2019-07-23,41.540000915527344,971274
2019-07-24,41.560001373291016,815350
2019-07-25,41.77000045776367,592130
2019-07-26,41.400001525878906,1226457
2019-07-29,41.5,688000
2019-07-30,41.290000915527344,440180
2019-07-31,40.900001525878906,2890100
2019-08-01,40.34999847412109,894182
2019-08-02,39.130001068115234,3033511
2019-08-05,38.400001525878906,2606014
2019-08-06,38.34000015258789,4959650
2019-08-07,38.08000183105469,2442050
2019-08-08,38.93999862670898,2519500
2019-08-12,38.93000030517578,1839000
2019-08-13,38.18999862670898,2196400
2019-08-14,38.70000076293945,2255000
2019-08-15,37.880001068115234,3514200
2019-08-16,38.59999847412109,2328180
2019-08-19,39.11000061035156,1947200
2019-08-20,39.29999923706055,1755000
2019-08-21,39.38999938964844,1386000
2019-08-22,39.2400016784668,1696000
2019-08-23,39.34999847412109,1024000
2019-08-26,38.119998931884766,3243000
2019-08-27,38.33000183105469,1536325
2019-08-28,38.790000915527344,1522000
2019-08-29,38.88999938964844,1246000
2019-08-30,39.959999084472656,3130000
2019-09-02,40.2400016784668,1215000
2019-09-03,39.720001220703125,1269081
2019-09-04,40.45000076293945,1211100
2019-09-05,41.130001068115234,1686100
2019-09-06,41.470001220703125,1749100
2019-09-10,41.31999969482422,912000
2019-09-11,41.47999954223633,716100
2019-09-12,41.91999816894531,2304106
2019-09-16,42.2400016784668,1292000
2019-09-17,42.22999954223633,967200
2019-09-18,42.709999084472656,961100
2019-09-19,42.41999816894531,1616000
2019-09-20,42.68000030517578,586100
2019-09-23,42.56999969482422,737078
2019-09-24,42.68999862670898,476449
2019-09-25,42.119998931884766,1440100
2019-09-26,42.150001525878906,594000
2019-09-27,42.18000030517578,910127
2019-10-01,43.5099983215332,2535577
2019-10-02,43.2599983215332,1061050
2019-10-03,42.619998931884766,1291100
2019-10-04,42.79999923706055,1094000
2019-10-07,43.06999969482422,649100
2019-10-08,43.88999938964844,2083195
2019-10-09,43.119998931884766,1506000
2019-10-14,44.56999969482422,1814532
2019-10-15,44.84999847412109,934367
2019-10-16,45.18999862670898,831000
2019-10-17,45.40999984741211,320000
2019-10-18,45.33000183105469,828275
2019-10-21,45.369998931884766,938220
2019-10-22,46.06999969482422,741762
2019-10-23,45.79999923706055,668001
2019-10-24,46.18999862670898,428233
2019-10-25,46.22999954223633,612100
2019-10-28,46.59999847412109,757000
2019-10-29,46.720001220703125,710540
2019-10-30,46.869998931884766,367200
2019-10-31,47.08000183105469,807250
2019-11-01,47.290000915527344,445100
2019-11-04,49.060001373291016,1511900
2019-11-05,49.7599983215332,1029060
2019-11-06,50.04999923706055,1167060
2019-11-07,49.56999969482422,1443200
2019-11-08,49.369998931884766,2288000
2019-11-11,48.09999847412109,2102770
2019-11-12,48.77999877929688,809000
2019-11-13,48.27000045776367,1048000
2019-11-14,48.290000915527344,867000
2019-11-15,49.0,1074101
2019-11-18,49.54999923706055,585060
2019-11-19,50.25,1055498
2019-11-20,49.75,689000
2019-11-21,49.2599983215332,1782300
2019-11-22,49.27000045776367,448000
2019-11-25,49.34000015258789,774000
2019-11-26,49.75,1555060
2019-11-27,49.97999954223633,924300
2019-11-28,49.77999877929688,613094
2019-11-29,48.380001068115234,2193400
2019-12-02,48.70000076293945,1187116
2019-12-03,48.81999969482422,644400
2019-12-04,48.61000061035156,1175000
2019-12-05,49.619998931884766,1152790
2019-12-06,49.720001220703125,1574000
2019-12-09,50.34999847412109,1765000
2019-12-10,49.83000183105469,1059100
2019-12-11,50.5,1188001
2019-12-12,52.29999923706055,2551050
2019-12-13,53.25,2510033
2019-12-16,53.20000076293945,60
2019-12-17,54.54999923706055,1333671
2019-12-18,54.650001525878906,935000
2019-12-19,53.900001525878906,1559110
2019-12-20,53.54999923706055,1354042
2019-12-23,53.650001525878906,637999
2019-12-24,53.650001525878906,317292
2019-12-25,53.84999847412109,566100
2019-12-26,53.70000076293945,288110
2019-12-27,54.54999923706055,1067195
2019-12-30,54.20000076293945,628100
2019-12-31,53.54999923706055,1056100
2020-01-02,54.400001525878906,1187205
2020-01-03,54.20000076293945,2109280
2020-01-06,53.150001525878906,1933480
2020-01-07,52.400001525878906,2368060
2020-01-08,51.900001525878906,1496105
2020-01-09,53.400001525878906,1702850
2020-01-10,53.70000076293945,1437574
2020-01-13,54.54999923706055,1715100
2020-01-14,55.150001525878906,814100
2020-01-15,54.29999923706055,2432056
2020-01-16,54.150001525878906,1001000
2020-01-17,54.20000076293945,712000
2020-01-20,54.59999847412109,1037000
2020-01-30,48.25,6900484
2020-01-31,48.869998931884766,2815300
2020-02-03,47.90999984741211,5289912
2020-02-04,49.380001068115234,2412061
2020-02-05,49.5,3262855
2020-02-06,51.09999847412109,2705208
2020-02-07,49.869998931884766,2139300
2020-02-10,49.75,2787026
2020-02-11,50.650001525878906,1880100
2020-02-12,51.45000076293945,1889058
2020-02-13,51.45000076293945,2421827
2020-02-14,51.84999847412109,1856284
2020-02-17,51.45000076293945,2450000
2020-02-18,50.150001525878906,4061158
2020-02-19,51.34999847412109,3140158
2020-02-20,50.900001525878906,2755288
2020-02-21,50.59999847412109,2692050
2020-02-24,49.209999084472656,5571200
2020-02-25,49.459999084472656,3571281
2020-02-26,48.540000915527344,4260194
2020-02-27,47.2599983215332,6203018
2020-03-02,46.380001068115234,7299245
2020-03-03,47.4900016784668,4923255
2020-03-04,47.79999923706055,2771700
2020-03-05,48.91999816894531,3558563
2020-03-06,47.13999938964844,4840005
2020-03-09,44.369998931884766,8427250
2020-03-10,44.720001220703125,9362999
2020-03-11,43.41999816894531,5212909
2020-03-12,39.43000030517578,13307600
2020-03-13,37.63999938964844,23476333
2020-03-16,34.630001068115234,17301155
2020-03-17,32.880001068115234,26540753
2020-03-18,30.65999984741211,22770009
2020-03-19,26.39999961853028,41936901
2020-03-20,30.450000762939453,36073200
2020-03-23,28.25,26341927
2020-03-24,31.39999961853028,33747328
2020-03-25,33.40999984741211,38962226
2020-03-26,34.29999923706055,31763850
2020-03-27,33.9900016784668,26770556
2020-03-30,33.70000076293945,27531955
2020-03-31,33.939998626708984,18344700
2020-04-01,33.970001220703125,13365044
2020-04-06,35.310001373291016,20323618
2020-04-07,36.63999938964844,17383936
2020-04-08,37.83000183105469,18749490
2020-04-09,37.43000030517578,16396000
2020-04-10,37.7599983215332,10988000
2020-04-13,37.27000045776367,10609200
2020-04-14,39.52999877929688,17216700
2020-04-15,39.869998931884766,13084073
2020-04-16,39.7599983215332,10656999
2020-04-17,41.54999923706055,19977999
2020-04-20,41.27999877929688,8405431
2020-04-21,38.79999923706055,21739900
2020-04-22,39.06999969482422,10981882
2020-04-23,39.65999984741211,19636200
2020-04-24,39.43000030517578,9899250
2020-04-27,41.56999969482422,14995950
2020-04-28,41.81999969482422,10083624
2020-04-29,42.959999084472656,12512950
2020-04-30,44.68999862670898,14580050
2020-05-04,42.18000030517578,16425468
2020-05-05,42.7400016784668,11954033
2020-05-06,42.81999969482422,11875200
2020-05-07,43.619998931884766,11077000
2020-05-08,44.0,10651000
2020-05-11,44.869998931884766,7902586
2020-05-12,43.790000915527344,12292998
2020-05-13,44.20000076293945,7278300
2020-05-14,42.84999847412109,11828299
2020-05-15,43.36000061035156,11648250
2020-05-18,42.88999938964844,9396991
2020-05-19,43.81999969482422,9448250
2020-05-20,44.0,7080000
2020-05-21,44.900001525878906,8916613
2020-05-22,43.02000045776367,12088000
2020-05-25,43.84999847412109,9706200
2020-05-26,45.040000915527344,11041175
2020-05-27,44.869998931884766,7535000
2020-05-28,44.310001373291016,7874000
2020-05-29,44.66999816894531,5406200
2020-06-01,45.560001373291016,7199259
2020-06-02,45.95000076293945,5642600
2020-06-03,47.5099983215332,6571576
2020-06-04,48.150001525878906,5952618
2020-06-05,49.04999923706055,6244831
2020-06-08,49.95000076293945,7480060
2020-06-09,50.25,4934250
2020-06-10,51.150001525878906,5950384
2020-06-11,49.20000076293945,9949390
2020-06-12,48.4900016784668,11570000
2020-06-15,47.22999954223633,7877085
2020-06-16,49.52000045776367,10140120
2020-06-17,49.59999847412109,6785878
2020-06-18,49.91999816894531,6902850
2020-06-19,50.0,4887250
2020-06-22,50.150001525878906,5713200
2020-06-23,50.5,5616850
2020-06-24,51.04999923706055,4502500
2020-06-29,49.709999084472656,6997922
2020-06-30,50.79999923706055,4330500
2020-07-01,51.5,6355200
2020-07-02,52.75,6279500
2020-07-03,53.900001525878906,5607849
2020-07-06,55.95000076293945,7844493
2020-07-07,55.95000076293945,8965428
2020-07-08,56.70000076293945,5326200
2020-07-09,57.0,4834882
2020-07-10,55.70000076293945,6140802
2020-07-13,57.5,6486204
2020-07-14,57.45000076293945,5168361
2020-07-15,57.900001525878906,7010315
2020-07-16,57.04999923706055,4594374
2020-07-17,57.75,4833100
2020-07-20,57.75,5099500
2020-07-21,60.29999923706055,9481760
2020-07-22,60.59999847412109,4728150
2020-07-23,60.400001525878906,5319726
2020-07-24,59.25,7500411
2020-07-27,63.09999847412109,6766640
2020-07-28,62.75,11335611
2020-07-29,62.400001525878906,5608300
2020-07-30,63.95000076293945,4741813
2020-07-31,63.95000076293945,4690296
2020-08-03,62.09999847412109,6023372
2020-08-04,64.0,4881663
2020-08-05,65.0999984741211,4111331
2020-08-06,66.25,5140875
2020-08-07,65.4000015258789,3060772
2020-08-10,66.55000305175781,4025490
2020-08-11,65.3499984741211,3389320
2020-08-12,63.95000076293945,4707284
2020-08-13,65.0999984741211,3935001
2020-08-14,65.55000305175781,2605153
2020-08-17,67.25,3982428
2020-08-18,66.4000015258789,5164813
2020-08-19,65.5,3412052
2020-08-20,60.70000076293945,13217091
2020-08-21,63.400001525878906,7383280
2020-08-24,63.79999923706055,3654433
2020-08-25,65.0999984741211,4047000
2020-08-26,65.6500015258789,3674500
2020-08-27,65.44999694824219,5460000
2020-08-28,64.5,4079450
2020-08-31,63.20000076293945,6142851
2020-09-01,64.5999984741211,3357177
2020-09-02,64.5999984741211,3874100
2020-09-03,65.0,5701270
2020-09-04,63.79999923706055,6510420
2020-09-07,63.45000076293945,3955185
2020-09-08,64.25,3033000
2020-09-09,63.650001525878906,6933001
2020-09-10,64.4000015258789,4492024
2020-09-11,64.4000015258789,6055515
2020-09-14,66.5999984741211,7863300
2020-09-15,66.55000305175781,8583088
2020-09-16,67.9000015258789,8465281
2020-09-17,66.5,5283101
2020-09-18,66.75,4264057
2020-09-21,65.4000015258789,9474105
2020-09-22,63.400001525878906,9489513
2020-09-23,63.75,5985612
2020-09-24,60.150001525878906,14198800
2020-09-25,60.5,7510205
2020-09-28,62.59999847412109,6254650
2020-09-29,62.650001525878906,5369307
2020-09-30,63.29999923706055,4693793
2020-10-05,63.70000076293945,4579207
2020-10-06,65.0999984741211,6322757
2020-10-07,65.80000305175781,4662635
2020-10-08,67.1500015258789,6182480
2020-10-12,67.6500015258789,5961387
2020-10-13,67.8499984741211,4359061
2020-10-14,67.30000305175781,2285204
2020-10-15,66.5999984741211,5202423
2020-10-16,65.6500015258789,3162002
2020-10-19,67.55000305175781,4302623
2020-10-20,66.9000015258789,2213482
2020-10-21,67.19999694824219,2377079
2020-10-22,67.44999694824219,1655447
2020-10-23,67.5,2506137
2020-10-26,67.69999694824219,2563050
2020-10-27,67.19999694824219,1463234
2020-10-28,66.1500015258789,2096413
2020-10-29,64.9000015258789,4796068
2020-10-30,63.5,3571719
2020-11-02,64.0,2629050
2020-11-03,65.9000015258789,3675375
2020-11-04,68.19999694824219,9298112
2020-11-05,68.0999984741211,7004003
2020-11-06,68.55000305175781,5674001
2020-11-09,70.5999984741211,7045137
2020-11-10,69.94999694824219,8028000
2020-11-11,72.0,4751560
2020-11-12,71.4000015258789,4684450
2020-11-13,72.0,2875197
2020-11-16,76.30000305175781,7931999
2020-11-17,76.0999984741211,6954450
2020-11-18,77.5999984741211,3800319
2020-11-19,77.55000305175781,2625179
2020-11-20,77.5,1998023
2020-11-23,79.3499984741211,4968254
2020-11-24,78.5,2843226
2020-11-25,77.1500015258789,3396223
2020-11-26,79.0,2916175
2020-11-27,79.25,2570500
2020-11-30,77.30000305175781,2882814
2020-12-01,79.19999694824219,2857303
2020-12-02,80.25,5142050
2020-12-03,80.3499984741211,5347124
2020-12-04,82.5,4074234
2020-12-07,83.25,4093365
2020-12-08,85.05000305175781,5221295
2020-12-09,85.5999984741211,3671116
2020-12-10,83.6500015258789,4860027
2020-12-11,83.6500015258789,5543001
2020-12-14,83.5,4745239
2020-12-15,81.25,6828140
2020-12-16,84.19999694824219,3702123
2020-12-17,84.0,2540001
2020-12-18,83.5999984741211,1623259
2020-12-21,85.4000015258789,3173139
2020-12-22,82.94999694824219,5059115
2020-12-23,83.80000305175781,3199181
2020-12-24,84.75,2146018
2020-12-25,85.30000305175781,2723015
2020-12-28,87.1500015258789,3281000
2020-12-29,87.05000305175781,1715500
2020-12-30,89.44999694824219,3165115
2020-12-31,90.0,2377015
2021-01-04,92.8499984741211,4680138
2021-01-05,93.4499969482422,3680140
2021-01-06,93.3499984741211,8027275
2021-01-07,97.4499969482422,5476717
2021-01-08,100.3499984741211,5899098
2021-01-11,101.3499984741211,2910672
2021-01-12,100.75,3938483
2021-01-13,104.9499969482422,4507524
2021-01-14,104.0,2866115
2021-01-15,103.0,6790112
2021-01-18,102.4000015258789,6130272
2021-01-19,107.3000030517578,3716230
2021-01-20,105.4499969482422,3856102
2021-01-21,111.1500015258789,5882500
2021-01-22,109.5,6166028
2021-01-25,108.0,4879150
2021-01-26,103.8499984741211,5598130
2021-01-27,104.5,3339600
2021-01-28,100.6500015258789,5214233
2021-01-29,97.0999984741211,4231748
2021-02-01,100.4499969482422,4542115
2021-02-02,105.3000030517578,5158502
2021-02-03,105.9000015258789,3750218
2021-02-04,104.4000015258789,3070179
2021-02-05,106.1999969482422,4482387
2021-02-17,114.4000015258789,7020433
2021-02-18,115.5,4127340
2021-02-19,113.9499969482422,3842040
2021-02-22,114.5999984741211,3819331
2021-02-23,115.3499984741211,4890150
2021-02-24,111.4000015258789,5681430
2021-02-25,114.25,4903563
2021-02-26,107.1999969482422,7876880
2021-03-02,107.25,4092475
2021-03-03,111.3000030517578,3523341
2021-03-04,107.5,5870625
2021-03-05,106.25,6698540
2021-03-08,105.9499969482422,7108627
2021-03-09,105.8499984741211,6974200
2021-03-10,106.5,5050248
2021-03-11,111.0,5618400
2021-03-12,111.5,4061900
2021-03-15,111.4000015258789,2710376
2021-03-16,112.5,3402293
2021-03-17,110.8499984741211,2062200
2021-03-18,112.5,3634711
2021-03-19,109.0500030517578,4930400
2021-03-22,110.8499984741211,4305104
2021-03-23,110.5999984741211,3080112
2021-03-24,108.4499969482422,2827401
2021-03-25,109.25,3536103
2021-03-26,112.6500015258789,3853785
2021-03-29,114.5,3257410
2021-03-30,116.0,3078343
2021-03-31,114.3499984741211,2677003
2021-04-01,116.0,2162300
2021-04-07,119.5,1937130
2021-04-08,121.3000030517578,2591278
2021-04-09,120.3499984741211,1604179
2021-04-12,119.9499969482422,2771300
2021-04-13,119.6500015258789,4011703
2021-04-14,120.0999984741211,3372050
2021-04-15,123.0500030517578,2266283
2021-04-16,124.1500015258789,2558300
2021-04-19,125.5999984741211,2010107
2021-04-20,126.1500015258789,3516350
2021-04-21,124.5,2276412
2021-04-22,123.6500015258789,3494160
2021-04-23,126.0999984741211,1699432
2021-04-26,130.14999389648438,2933610
2021-04-27,130.60000610351562,2335220
2021-04-28,130.0,2328001
2021-04-29,130.4499969482422,3092096
2021-05-03,125.5,6084700
2021-05-04,121.5500030517578,5778300
2021-05-05,119.3499984741211,3740400
2021-05-06,121.6999969482422,3580013
2021-05-07,126.4499969482422,2864178
2021-05-10,125.3000030517578,1757200
2021-05-11,115.3000030517578,9105160
2021-05-12,105.0999984741211,16483900
2021-05-13,102.5999984741211,11540046
2021-05-14,105.1999969482422,7569350
2021-05-17,99.0999984741211,14847331
2021-05-18,110.1500015258789,13009790
2021-05-19,109.4499969482422,6705447
2021-05-20,108.0,5668021
2021-05-21,111.6999969482422,7141628
2021-05-24,112.5,5267214
2021-05-25,116.4499969482422,6192218
2021-05-26,116.4000015258789,3150110
2021-05-27,115.6999969482422,4161100
2021-05-28,120.0,3882232
2021-05-31,122.0,3681402
2021-06-01,123.6500015258789,2789134
2021-06-02,123.0,2869500
2021-06-03,124.9000015258789,3582106
2021-06-04,123.4499969482422,2990294
2021-06-07,123.25,6394101
2021-06-08,122.3000030517578,2323100
2021-06-09,120.8499984741211,3041362
2021-06-10,124.1500015258789,3954500
2021-06-11,124.8000030517578,2753366
2021-06-15,127.1500015258789,2344044
2021-06-16,126.6500015258789,2195206
2021-06-17,127.1999969482422,4206567
2021-06-18,126.75,2208671
2021-06-21,122.0500030517578,6155221
2021-06-22,122.75,1967500
2021-06-23,126.9499969482422,2900047
2021-06-24,127.75,1915001
2021-06-25,128.64999389648438,2995304
2021-06-28,130.3000030517578,1983097
2021-06-29,130.10000610351562,2333400
2021-06-30,133.0500030517578,2652142
2021-07-01,131.64999389648438,2076100
2021-07-02,132.0,1108024
2021-07-05,135.89999389648438,2642045
2021-07-06,135.64999389648438,1311000
2021-07-07,133.85000610351562,2241067
2021-07-08,134.5,1708216
2021-07-09,131.5,3576349
2021-07-12,134.6999969482422,2706190
2021-07-13,134.85000610351562,2275325
2021-07-14,134.85000610351562,1553254
2021-07-15,137.85000610351562,2182072
2021-07-16,135.60000610351562,2368100
2021-07-19,133.60000610351562,2685379
2021-07-20,129.60000610351562,4040446
2021-07-21,128.75,2457400
2021-07-22,131.10000610351562,2815412
2021-07-23,131.1999969482422,1867153
2021-07-26,128.5,2963873
2021-07-27,127.9000015258789,1690264
2021-07-28,124.25,5659034
2021-07-29,129.8000030517578,3024030
2021-07-30,127.3000030517578,2006200
2021-08-02,131.64999389648438,2224052
2021-08-03,132.3000030517578,1530249
2021-08-04,133.75,1567223
2021-08-05,133.0,1040000
2021-08-06,131.89999389648438,1812008
2021-08-09,130.9499969482422,2512058
2021-08-10,129.1999969482422,1908243
2021-08-11,127.75,2956100
2021-08-12,127.5,1440000
2021-08-13,124.5,3819729
2021-08-16,122.8000030517578,2833271
2021-08-17,120.0,3060368
2021-08-18,122.75,5122100
2021-08-19,116.0,9896775
2021-08-20,115.5,4212427
2021-08-23,122.0500030517578,5080050
2021-08-24,123.25,2832300
2021-08-25,125.8499984741211,3146000
2021-08-26,126.3499984741211,3146060
2021-08-27,129.39999389648438,3519000
2021-08-30,131.8000030517578,2904003
2021-08-31,133.10000610351562,4112345
2021-09-01,133.6999969482422,3614002
2021-09-02,131.0500030517578,3272250
2021-09-03,134.89999389648438,2681040
2021-09-06,134.14999389648438,1993275
2021-09-07,133.25,2356050
2021-09-08,130.39999389648438,3454588
2021-09-09,130.64999389648438,2237293
2021-09-10,134.0500030517578,2310342
2021-09-13,133.1999969482422,1324100
2021-09-14,133.8000030517578,1375055
2021-09-15,132.4499969482422,1764050
2021-09-16,131.0,2176047
2021-09-17,132.35000610351562,1856000
2021-09-22,125.6999969482422,6287149
2021-09-23,128.3000030517578,2242507
2021-09-24,130.64999389648438,2240097
2021-09-27,131.3000030517578,1434530
2021-09-28,129.5500030517578,2145050
2021-09-29,124.0500030517578,4990100
2021-09-30,125.8000030517578,3519450
2021-10-01,119.5999984741211,7258520
2021-10-04,118.1500015258789,5606241
2021-10-05,118.1999969482422,6241100
2021-10-06,117.8499984741211,5191083
2021-10-07,122.9499969482422,5100263
2021-10-08,121.5,3970000
2021-10-12,118.5500030517578,4068042
2021-10-13,117.4499969482422,4668103
2021-10-14,118.3499984741211,2157020
2021-10-15,123.9000015258789,5466200
2021-10-18,122.9499969482422,2629370
2021-10-19,125.6500015258789,2247156
2021-10-20,125.5,1727089
2021-10-21,124.8000030517578,2785000
2021-10-22,125.3000030517578,2630000
2021-10-25,125.3000030517578,1919000
2021-10-26,127.5500030517578,2100100
2021-10-27,128.0500030517578,1810226
2021-10-28,127.4000015258789,1751008
2021-10-29,125.9499969482422,2740644
2021-11-01,127.9000015258789,1955085
2021-11-02,126.9499969482422,3876174
2021-11-03,128.0500030517578,1435089
2021-11-04,128.0,2243015
2021-11-05,130.75,3786221
2021-11-08,132.6999969482422,2392130
2021-11-09,135.1999969482422,2313010
2021-11-10,135.0,1426100
2021-11-11,133.35000610351562,2502030
2021-11-12,134.39999389648438,1614280
2021-11-15,136.64999389648438,2169000
2021-11-16,136.75,1006008
2021-11-17,137.85000610351562,930350
2021-11-18,139.85000610351562,1290307
2021-11-19,139.60000610351562,978082
2021-11-22,139.5500030517578,674201
2021-11-23,136.64999389648438,1632947
2021-11-24,136.35000610351562,973000
2021-11-25,136.35000610351562,1069000
2021-11-26,131.35000610351562,3894262
2021-11-29,131.10000610351562,2862485
2021-11-30,131.6999969482422,1932050
2021-12-01,135.39999389648438,2394160
2021-12-02,137.25,2583500
2021-12-03,137.60000610351562,1001070
2021-12-06,137.0,1494000
2021-12-07,138.14999389648438,1391200
2021-12-08,139.8000030517578,2307400
2021-12-09,139.85000610351562,1696010
2021-12-10,139.25,924025
2021-12-13,138.5,951174
2021-12-14,135.3000030517578,2314039
2021-12-15,135.8000030517578,1019000
2021-12-16,139.14999389648438,1513017
2021-12-17,138.8000030517578,1409000
2021-12-20,136.39999389648438,1541194
2021-12-21,139.4499969482422,1476190
2021-12-22,139.6999969482422,989030
2021-12-23,141.25,2011085
2021-12-24,141.6999969482422,1538106
2021-12-27,143.60000610351562,1103031
2021-12-28,145.64999389648438,1630030
2021-12-29,146.75,2441100
2021-12-30,146.0,3120124
2022-01-03,146.5500030517578,1775025
2022-01-04,151.1999969482422,2021488
2022-01-05,150.39999389648438,2310040
2022-01-06,148.25,2883278
2022-01-07,145.25,2664007
2022-01-10,146.75,1623110
2022-01-11,146.9499969482422,1812180
2022-01-12,148.89999389648438,1716020
2022-01-13,150.14999389648438,1665035
2022-01-14,149.35000610351562,2159505
2022-01-17,151.9499969482422,1422106
2022-01-18,149.60000610351562,2592042
2022-01-19,146.35000610351562,2478100
2022-01-20,147.5,1780110
2022-01-21,141.4499969482422,3483150
2022-01-24,143.10000610351562,3824500
2022-01-25,138.14999389648438,5624112
2022-01-26,137.85000610351562,2405074
2022-02-07,141.5,2401010
2022-02-08,142.89999389648438,2340240
2022-02-09,145.60000610351562,1450158
2022-02-10,148.10000610351562,1979115
2022-02-11,147.5500030517578,1204000
2022-02-14,143.10000610351562,3304200
2022-02-15,142.0500030517578,2054267
2022-02-16,147.0,2117055
2022-02-17,147.35000610351562,2188050
2022-02-18,147.3000030517578,1113000
2022-02-21,146.9499969482422,1222100
2022-02-22,141.85000610351562,5524096
2022-02-23,143.75,2476104
2022-02-24,136.0500030517578,4449020
2022-02-25,136.4499969482422,3564047
2022-03-01,141.35000610351562,3428608
2022-03-02,140.4499969482422,1563087
2022-03-03,140.9499969482422,1213300
2022-03-04,137.9499969482422,1943666
2022-03-07,128.64999389648438,6942046
2022-03-08,123.0,9391019
2022-03-09,126.3499984741211,3718387
2022-03-10,133.10000610351562,3544100
2022-03-11,129.8000030517578,2137110
2022-03-14,130.14999389648438,1497100
2022-03-15,124.8499984741211,4528298
2022-03-16,125.9000015258789,3121300
2022-03-17,133.85000610351562,3934644
2022-03-18,132.85000610351562,1958300
2022-03-21,134.5500030517578,2440010
2022-03-22,135.0500030517578,1690017
2022-03-23,137.6999969482422,1979312
2022-03-24,137.39999389648438,1857020
2022-03-25,136.8000030517578,1687050
2022-03-28,134.3000030517578,2370010
2022-03-29,135.0500030517578,1269000
2022-03-30,137.9499969482422,2123499
2022-03-31,136.9499969482422,1364142
2022-04-01,135.3000030517578,1418072
2022-04-06,134.1999969482422,2971085
2022-04-07,129.0,2791305
2022-04-08,130.9499969482422,1446090
2022-04-11,126.5,2939304
2022-04-12,126.9000015258789,2775166
2022-04-13,131.14999389648438,2511300
2022-04-14,130.85000610351562,2681010
2022-04-15,126.3000030517578,2929000
2022-04-18,124.8000030517578,1661317
2022-04-19,126.6999969482422,1929110
2022-04-20,128.0,1800500
2022-04-21,128.85000610351562,1469555
2022-04-22,126.5999984741211,2852000
2022-04-25,120.4499969482422,5501000
2022-04-26,120.5999984741211,1721072
2022-04-27,116.3499984741211,6772050
2022-04-28,118.0,4154180
2022-04-29,120.5,3000760
2022-05-03,119.0999984741211,2376100
2022-05-04,119.6500015258789,1290104
2022-05-05,122.0,3296418
2022-05-06,117.3000030517578,3983630
2022-05-09,112.3499984741211,4000319
2022-05-10,112.5500030517578,4120500
2022-05-11,112.1500015258789,3450026
2022-05-12,106.8499984741211,5261021
2022-05-13,109.6500015258789,4040407
2022-05-16,110.6500015258789,4998176
2022-05-17,113.0,2746232
2022-05-18,115.3000030517578,2957640
2022-05-19,111.6999969482422,5983050
2022-05-20,113.9499969482422,4121076
2022-05-23,114.1999969482422,2751233
2022-05-24,111.3000030517578,2999300
2022-05-25,113.5999984741211,1803121
2022-05-26,111.3000030517578,3008035
2022-05-27,115.3499984741211,3315085
2022-05-30,120.5,3809160
2022-05-31,121.9499969482422,4136600
2022-06-01,121.1999969482422,3802159
2022-06-02,119.6500015258789,2975010
2022-06-06,120.8000030517578,2639015
2022-06-07,118.6999969482422,1970073
2022-06-08,121.25,1834783
2022-06-09,120.75,1492186
2022-06-10,118.75,2333017
2022-06-13,112.4499969482422,5089407
2022-06-14,112.1999969482422,4460481
2022-06-15,111.1999969482422,3619255
2022-06-16,109.4499969482422,5509642
2022-06-17,107.0999984741211,7622622
2022-06-20,103.5999984741211,6826800
2022-06-21,108.8499984741211,6489483
2022-06-22,103.9000015258789,6418260
2022-06-23,102.1500015258789,12245410
2022-06-24,104.0,7481034
2022-06-27,107.9499969482422,10553000
2022-06-28,106.0,6687220
2022-06-29,104.0500030517578,4542992
2022-06-30,98.3499984741211,13564986
2022-07-01,92.3499984741211,19744200
2022-07-04,91.5,13206883
2022-07-05,92.8000030517578,18575208
2022-07-06,88.44999694824219,19739028
2022-07-07,93.0500030517578,18584225
2022-07-08,94.8000030517578,15611742
2022-07-11,93.3499984741211,8555910
2022-07-12,88.5,14325700
2022-07-13,93.8000030517578,13644039
2022-07-14,95.25,10346398
2022-07-15,96.8000030517578,9611300
2022-07-18,98.3000030517578,7845162
2022-07-19,98.8499984741211,6383474
2022-07-20,100.0,8251780
2022-07-21,102.0999984741211,5157160
2022-07-22,102.3000030517578,6153455
2022-07-25,102.5999984741211,3678125
2022-07-26,101.0,5394174
2022-07-27,102.4499969482422,5939124
2022-07-28,102.6500015258789,4865580
2022-07-29,104.1999969482422,5008310
2022-08-01,103.9499969482422,3867060
2022-08-02,100.3499984741211,8306999
2022-08-03,101.0,5207463
2022-08-04,100.75,6636569
2022-08-05,106.0,7493203
2022-08-08,105.4499969482422,3123699
2022-08-09,105.75,5154187
2022-08-10,104.0,3585110
2022-08-11,107.8000030517578,4413600
2022-08-12,109.4499969482422,4472793
2022-08-15,111.1500015258789,4406200
2022-08-16,111.25,3274080
2022-08-17,111.4000015258789,2495382
2022-08-18,110.4000015258789,2876787
2022-08-19,110.8000030517578,2665150
2022-08-22,108.9499969482422,2448000
2022-08-23,106.1999969482422,5504430
2022-08-24,105.6500015258789,3868141
2022-08-25,107.8000030517578,4079060
2022-08-26,108.8000030517578,3056302
2022-08-29,103.0999984741211,7929500
2022-08-30,104.25,3797063
2022-08-31,105.6500015258789,4954497
2022-09-01,101.0,10303590
2022-09-02,99.4000015258789,5337224
2022-09-05,99.5500030517578,3637081
2022-09-06,99.9000015258789,4065027
2022-09-07,95.9000015258789,7425036
2022-09-08,98.0999984741211,4565076
2022-09-12,101.9000015258789,5994114
2022-09-13,102.8499984741211,3621560
2022-09-14,99.0,5975330
2022-09-15,99.6500015258789,3647167
2022-09-16,97.4499969482422,4058242
2022-09-19,96.5,2543035
2022-09-20,98.1999969482422,3073378
2022-09-21,96.6999969482422,3542175
2022-09-22,94.1999969482422,7628230
2022-09-23,92.6999969482422,4686454
2022-09-26,88.1500015258789,11565872
2022-09-27,88.69999694824219,6630643
2022-09-28,84.6500015258789,12851330
2022-09-29,85.05000305175781,13151374
2022-09-30,83.19999694824219,13243730
2022-10-03,81.5,8977541
2022-10-04,85.55000305175781,11219417
2022-10-05,88.30000305175781,17700473
2022-10-06,89.1500015258789,7960688
2022-10-07,86.8499984741211,6448252
2022-10-11,78.8499984741211,17366419
2022-10-12,78.5999984741211,8643825
2022-10-13,75.5999984741211,11561310
2022-10-14,79.94999694824219,13611200
2022-10-17,79.3499984741211,18777739
2022-10-18,79.1500015258789,20424117
2022-10-19,77.80000305175781,9001800
2022-10-20,76.69999694824219,18955451
2022-10-21,75.5999984741211,7733791
2022-10-24,76.25,13188658
2022-10-25,74.0,17170762
2022-10-26,74.80000305175781,9923243
2022-10-27,76.94999694824219,11699203
2022-10-28,74.9000015258789,10805000
2022-10-31,76.94999694824219,8311420
2022-11-01,78.19999694824219,7753596
2022-11-02,78.80000305175781,4682175
2022-11-03,77.3499984741211,8028065
2022-11-04,77.94999694824219,8522942
2022-11-07,80.30000305175781,12234644
2022-11-08,81.44999694824219,10639150
2022-11-09,85.19999694824219,17885823
2022-11-10,83.5999984741211,11041356
2022-11-11,90.6500015258789,24561497
2022-11-14,92.1999969482422,10562959
2022-11-15,97.75,16992686
2022-11-16,97.8000030517578,14156760
2022-11-17,98.1500015258789,12211730
2022-11-18,97.1999969482422,8947143
2022-11-21,96.75,4013519
2022-11-22,97.8499984741211,6104323
2022-11-23,99.3000030517578,5849975
2022-11-24,101.5500030517578,9872638
2022-11-25,100.8000030517578,8703554
2022-11-28,97.8499984741211,7940651
2022-11-29,99.9499969482422,5808939
2022-11-30,102.0999984741211,6660506
2022-12-01,104.3499984741211,9913315
2022-12-02,103.0500030517578,4809491
2022-12-05,103.5500030517578,6946310
2022-12-06,100.0999984741211,6642625
2022-12-07,99.0999984741211,6933252
2022-12-08,97.5,9486332
2022-12-09,100.0,5258476
2022-12-12,98.4000015258789,4627570
2022-12-13,97.6500015258789,5842433
2022-12-14,100.3000030517578,9613058
2022-12-15,100.4000015258789,5503612
2022-12-16,96.9499969482422,7610785
2022-12-19,96.0500030517578,5273389
2022-12-20,92.5,13134316
2022-12-21,93.1999969482422,4176037
2022-12-22,96.4000015258789,5939131
2022-12-23,93.6999969482422,6609300
2022-12-26,94.3499984741211,2351176
2022-12-27,95.0500030517578,5813150
2022-12-28,92.4000015258789,7649044
2022-12-29,91.6999969482422,5715128
2022-12-30,92.8000030517578,4936262
2023-01-03,94.0500030517578,10147620
2023-01-04,93.8000030517578,4271500
2023-01-05,94.5,5549837
2023-01-06,95.9000015258789,5954573
2023-01-09,101.1999969482422,9167047
2023-01-10,102.3000030517578,7811157
2023-01-11,101.6999969482422,5178000
2023-01-12,101.1500015258789,3652565
2023-01-13,102.5999984741211,6199019
2023-01-16,104.0,4352788
2023-01-17,104.0,4120541
2023-01-30,111.5500030517578,7472907
2023-01-31,109.3000030517578,5364931
2023-02-01,110.5500030517578,2658291
2023-02-02,113.5999984741211,6050439
2023-02-03,113.5500030517578,3526033
2023-02-06,110.6999969482422,2521016
2023-02-07,110.6999969482422,2277718
2023-02-08,113.6500015258789,3655810
2023-02-09,113.5,2350944
2023-02-10,113.1500015258789,2348315
2023-02-13,112.6999969482422,3423272
2023-02-14,114.5,3220234
2023-02-15,110.1999969482422,5760555
2023-02-16,112.9499969482422,3439038
2023-02-17,111.0500030517578,4244568
2023-02-20,112.0,2686879
2023-02-21,112.0500030517578,2287902
2023-02-22,109.8000030517578,4106950
2023-02-23,113.0999984741211,3842062
2023-02-24,111.8499984741211,2875898
2023-03-01,112.5,3756530
2023-03-02,112.4000015258789,3035470
2023-03-03,112.9000015258789,2892738
2023-03-06,115.4499969482422,5524590
2023-03-07,117.0,3148163
2023-03-08,115.6500015258789,4467745
2023-03-09,115.0,2434676
2023-03-10,111.0,6490238
2023-03-13,111.8499984741211,5832170
2023-03-14,109.25,4450177
2023-03-15,109.8000030517578,3005472
2023-03-16,107.9000015258789,5631870
2023-03-17,111.0,4558082
2023-03-20,110.1500015258789,2325645
2023-03-21,111.5,2891145
2023-03-22,115.3499984741211,4445528
2023-03-23,117.0,4107145
2023-03-24,118.3000030517578,2776989
2023-03-27,116.9000015258789,2329040
2023-03-28,114.5,3407357
2023-03-29,115.4499969482422,2397504
2023-03-30,116.8000030517578,2017969
2023-03-31,117.5,2966302
2023-04-06,116.0,2480216
2023-04-07,116.5999984741211,1437924
2023-04-10,117.3499984741211,2194904
2023-04-11,117.9000015258789,2278188
2023-04-12,117.9000015258789,1801483
2023-04-13,116.25,3157785
2023-04-14,118.4499969482422,3539883
2023-04-17,118.0,1870632
2023-04-18,117.1500015258789,1668959
2023-04-19,116.0999984741211,2197488
2023-04-20,115.0,2663589
2023-04-21,113.6999969482422,3257192
2023-04-24,113.8000030517578,1775187
2023-04-25,110.1999969482422,4810460
2023-04-26,110.0999984741211,3297199
2023-04-27,110.3000030517578,2437098
2023-04-28,112.8499984741211,2858097
2023-05-02,113.75,2774315
2023-05-03,112.6500015258789,2108508
2023-05-04,113.3499984741211,1744227
2023-05-05,113.6999969482422,2227291
2023-05-08,114.8499984741211,3228271
2023-05-09,115.25,2018507
2023-05-10,113.3000030517578,3021977
2023-05-11,112.1500015258789,3164165
2023-05-12,112.1500015258789,2723003
2023-05-15,111.8499984741211,1889754
2023-05-16,114.6999969482422,3326568
2023-05-17,118.1999969482422,5431754
2023-05-18,120.9499969482422,5531729
2023-05-19,122.0,3874465
2023-05-22,121.8000030517578,1425086
2023-05-23,122.0999984741211,2596286
2023-05-24,121.1500015258789,2365239
2023-05-25,123.25,2865956
2023-05-26,127.0,2945030
2023-05-29,129.10000610351562,2201015
2023-05-30,129.1999969482422,1632145
2023-05-31,128.25,2236203
2023-06-01,127.4499969482422,1818717
2023-06-02,130.8000030517578,2744293
2023-06-05,130.35000610351562,1873542
2023-06-06,131.10000610351562,1705764
2023-06-07,133.8000030517578,2000250
2023-06-08,130.8000030517578,3353199
2023-06-09,133.3000030517578,1915795
2023-06-12,134.75,1839264
2023-06-13,139.35000610351562,3063986
2023-06-14,139.1999969482422,1839462
2023-06-15,140.85000610351562,1903319
2023-06-16,139.85000610351562,2019551
2023-06-19,139.4499969482422,1373584
2023-06-20,138.4499969482422,2214040
2023-06-21,138.39999389648438,1670598
2023-06-26,136.1999969482422,2297994
2023-06-27,133.9499969482422,3485693
2023-06-28,134.3000030517578,1989131
2023-06-29,134.4499969482422,2657637
2023-06-30,135.25,1763466
2023-07-03,138.75,3532587
2023-07-04,139.89999389648438,2271788
2023-07-05,138.3000030517578,1843939
2023-07-06,133.35000610351562,6276188
2023-07-07,132.10000610351562,4088983
2023-07-10,131.60000610351562,2450978
2023-07-11,135.64999389648438,2929799
2023-07-12,136.39999389648438,2448259
2023-07-13,139.25,5102550
2023-07-14,142.39999389648438,2902335
2023-07-17,142.39999389648438,2209075
2023-07-18,141.3000030517578,4542192
2023-07-19,139.60000610351562,2946851
2023-07-20,140.35000610351562,1817500
2023-07-21,137.6999969482422,5681703
2023-07-24,138.14999389648438,2855210
2023-07-25,141.35000610351562,2900430
2023-07-26,140.3000030517578,2592009
2023-07-27,142.39999389648438,2494180
2023-07-28,142.5,2923935
2023-07-31,139.85000610351562,4652723
2023-08-01,141.5,2301739
2023-08-02,135.9499969482422,6855950
2023-08-04,135.75,4230803
2023-08-07,138.8000030517578,3224290
2023-08-08,135.9499969482422,3989339
2023-08-09,135.89999389648438,2554736
2023-08-10,132.64999389648438,6603920
2023-08-11,132.5500030517578,3037433
2023-08-14,128.14999389648438,6798458
2023-08-15,129.5,3721933
2023-08-16,128.85000610351562,3204990
2023-08-17,130.4499969482422,5320924
2023-08-18,128.14999389648438,3949439
2023-08-21,128.0,2072055
2023-08-22,129.10000610351562,2411947
2023-08-23,131.4499969482422,2922147
2023-08-24,134.6999969482422,4510844
2023-08-25,129.35000610351562,4710130
2023-08-28,130.39999389648438,2585859
2023-08-29,132.5,2544044
2023-08-30,133.9499969482422,3236709
2023-08-31,132.35000610351562,1583014
2023-09-01,133.0500030517578,1890705
2023-09-04,134.4499969482422,2022062
2023-09-05,134.5500030517578,1462430
2023-09-06,133.8000030517578,1593687
2023-09-07,131.4499969482422,2805285
2023-09-08,131.0500030517578,2403373
2023-09-11,128.89999389648438,4067371
2023-09-12,131.3000030517578,2475555
2023-09-13,131.6999969482422,1687815
2023-09-14,135.6999969482422,4199371
2023-09-15,136.75,4024254
2023-09-18,133.64999389648438,3634546
2023-09-19,132.1999969482422,1911441
2023-09-20,131.0,2262605
2023-09-21,126.9000015258789,7746694
2023-09-22,127.4499969482422,3250383
2023-09-25,129.4499969482422,2696724
2023-09-26,126.4499969482422,3272269
2023-09-27,126.9000015258789,2228129
2023-09-28,127.8000030517578,2316860
2023-10-02,131.0500030517578,4314503
2023-10-03,128.9499969482422,2470432
2023-10-04,126.0999984741211,5943448
2023-10-05,129.5,3372063
2023-10-06,130.35000610351562,3086907
2023-10-11,133.1999969482422,5386724
2023-10-12,135.3000030517578,3357497
2023-10-13,134.25,1718795
2023-10-16,132.3000030517578,2760068
2023-10-17,132.14999389648438,2003933
2023-10-18,129.39999389648438,5055336
2023-10-19,129.1999969482422,2601560
2023-10-20,128.6999969482422,5536393
2023-10-23,126.0,5093405
2023-10-24,127.25,4483256
2023-10-25,127.9499969482422,2962070
2023-10-26,122.75,8887026
2023-10-27,124.0999984741211,3570500
2023-10-30,124.0,2789221
2023-10-31,121.8000030517578,4196792
2023-11-01,122.9000015258789,3354394
2023-11-02,127.8499984741211,5017272
2023-11-03,129.60000610351562,5646208
2023-11-06,132.25,7893301
2023-11-07,132.3000030517578,3700565
2023-11-08,133.5,3826268
2023-11-09,133.64999389648438,2682452
2023-11-10,132.39999389648438,2321896
2023-11-13,135.39999389648438,4089690
2023-11-14,136.64999389648438,3603666
2023-11-15,139.8000030517578,6288673
2023-11-16,139.9499969482422,4774264
2023-11-17,140.6999969482422,4924315
2023-11-20,140.4499969482422,2120511
2023-11-21,143.89999389648438,5173468
2023-11-22,141.85000610351562,2848756
2023-11-23,141.75,2098128
2023-11-24,141.9499969482422,1552565
2023-11-27,139.39999389648438,3150138
2023-11-28,142.85000610351562,2429937
2023-11-29,142.64999389648438,2650237
2023-11-30,143.5,2310743
2023-12-01,143.8000030517578,3093871
2023-12-04,143.6999969482422,2595468
2023-12-05,141.75,2985237
2023-12-06,143.0,2414804
2023-12-07,141.3000030517578,2160183
2023-12-08,143.0500030517578,3537480
2023-12-11,143.5500030517578,1094186
2023-12-12,144.25,1916037
2023-12-13,144.3000030517578,1191620
2023-12-14,147.6999969482422,4397051
2023-12-15,148.35000610351562,3137355
2023-12-18,147.85000610351562,1655165
2023-12-19,146.3000030517578,4241855
2023-12-20,148.14999389648438,2801761
2023-12-21,145.6999969482422,2651097
2023-12-22,146.1999969482422,1614357
2023-12-25,147.14999389648438,1489310
2023-12-26,149.10000610351562,2086598
2023-12-27,151.39999389648438,4417746
2023-12-28,151.14999389648438,1701550
2023-12-29,151.1999969482422,2170080
2024-01-02,149.9499969482422,2330847
2024-01-03,145.89999389648438,5887414
2024-01-04,145.6999969482422,2158116
2024-01-05,145.14999389648438,1725553
2024-01-08,146.35000610351562,3072328
2024-01-09,146.1999969482422,3233094
2024-01-10,144.4499969482422,2568790
2024-01-11,146.3000030517578,3042495
2024-01-12,145.25,2578340
2024-01-15,146.35000610351562,2246573
2024-01-16,143.0,4086516
2024-01-17,140.60000610351562,5332587
2024-01-18,141.14999389648438,2850058
2024-01-19,148.0500030517578,6168427
2024-01-22,150.1999969482422,3729848
2024-01-23,151.1999969482422,3112989
2024-01-24,151.39999389648438,3006769
2024-01-25,153.5,2209941
2024-01-26,153.10000610351562,3133747
2024-01-29,155.6999969482422,1745510
2024-01-30,155.14999389648438,1231601
2024-01-31,152.0,2892023
2024-02-01,152.64999389648438,1514687
2024-02-02,154.89999389648438,1654041
2024-02-05,155.0500030517578,1967589
2024-02-15,165.1999969482422,4217816
2024-02-16,164.8000030517578,1635618
2024-02-19,165.0,1347248
2024-02-20,166.14999389648438,1369398
2024-02-21,165.1999969482422,1296790
2024-02-22,168.89999389648438,1385396
2024-02-23,169.4499969482422,1864214
2024-02-26,170.5,1034324
2024-02-27,168.85000610351562,2317517
2024-02-29,170.14999389648438,931802
2024-03-01,169.85000610351562,818958
2024-03-04,176.35000610351562,2211328
2024-03-05,178.10000610351562,1637258
2024-03-06,180.10000610351562,2073079
2024-03-07,184.1999969482422,2974715
2024-03-08,186.1000061035156,4034236
2024-03-11,184.8000030517578,2230713
2024-03-12,188.8000030517578,2184171
2024-03-13,188.6499938964844,2074775
2024-03-14,188.3999938964844,2656437
2024-03-15,185.3500061035156,2384341
2024-03-18,188.1000061035156,1096167
2024-03-19,187.5500030517578,1955873
2024-03-20,186.0500030517578,2252713
2024-03-21,194.1000061035156,3446220
2024-03-22,193.6000061035156,3455447
2024-03-25,194.1499938964844,1619356
2024-03-26,193.0,4014840
2024-03-27,194.3500061035156,1355724
2024-03-28,193.4499969482422,2290029
2024-03-29,194.6499938964844,1158000
2024-04-01,194.5500030517578,1534215
2024-04-02,199.1999969482422,1982371
2024-04-03,196.5500030517578,3424519
2024-04-08,198.3000030517578,1953522
2024-04-09,206.3000030517578,3773809
2024-04-10,205.6499938964844,1395058
2024-04-11,203.8000030517578,2590241
2024-04-12,204.0500030517578,1772465
2024-04-15,199.1499938964844,3915468
2024-04-16,187.5,10367214
2024-04-17,192.1000061035156,2778428
2024-04-18,194.3500061035156,3693560
2024-04-19,179.0,14365703
2024-04-22,178.4499969482422,4713998
2024-04-23,181.6999969482422,2649755
2024-04-24,190.9499969482422,3615889
2024-04-25,185.0,3347537
2024-04-26,190.6000061035156,3576574
2024-04-29,197.5,4123466
2024-04-30,196.3500061035156,2398120
2024-05-02,193.1000061035156,2840816
2024-05-03,194.0,2584378
2024-05-06,198.8500061035156,3098985
2024-05-07,200.0500030517578,1555878
2024-05-08,201.1999969482422,1174151
2024-05-09,199.5500030517578,954875
2024-05-10,202.6499938964844,1946554
2024-05-13,204.3000030517578,1424201
2024-05-14,207.0500030517578,1317201
2024-05-15,211.3999938964844,2381983
2024-05-16,214.1499938964844,3639053
2024-05-17,213.3500061035156,1450382
2024-05-20,213.25,3210370
2024-05-21,212.4499969482422,1684583
2024-05-22,218.6999969482422,2784529
2024-05-23,219.5500030517578,1935590
2024-05-24,218.9499969482422,2001337
2024-05-27,224.5500030517578,3659294
2024-05-28,226.5,2172069
2024-05-29,221.9499969482422,3160112
2024-05-30,214.3000030517578,4949648
2024-05-31,212.1000061035156,3448448
2024-06-03,219.5500030517578,3712652
2024-06-04,213.3999938964844,4042835
2024-06-05,215.5,2691843
2024-06-06,224.4499969482422,5261255
2024-06-07,223.6999969482422,2186460
2024-06-11,223.0500030517578,2932675
2024-06-12,228.1000061035156,3122852
2024-06-13,234.1999969482422,3180697
2024-06-14,237.1000061035156,2133265
2024-06-17,237.1000061035156,1634386
2024-06-18,244.1499938964844,2140225
2024-06-19,253.9499969482422,4637577
2024-06-20,259.1499938964844,3091298
2024-06-21,256.04998779296875,4007995
2024-06-24,245.0,5982402
2024-06-25,245.4499969482422,4885237
2024-06-26,248.3000030517578,4278189
2024-06-27,246.75,2536646
2024-06-28,250.8000030517578,3519768
2024-07-01,250.8000030517578,3691738
2024-07-02,247.1000061035156,4485215
2024-07-03,253.8999938964844,3196610
2024-07-04,264.70001220703125,4683654
2024-07-05,263.20001220703125,2567957
2024-07-08,271.70001220703125,3931403
2024-07-09,270.8500061035156,6964372
2024-07-10,273.0,3549086
2024-07-11,281.8999938964844,4659324
2024-07-12,269.5,8591164
2024-07-15,269.5,3531425
2024-07-16,272.0,3891510
2024-07-17,268.29998779296875,4699050
2024-07-18,259.1499938964844,8247648
2024-07-19,248.25,9359356
2024-07-22,236.75,13406695
2024-07-23,247.3999938964844,6026591
2024-07-26,231.6499938964844,10234144
2024-07-29,233.5,5987408
2024-07-30,234.1000061035156,8055894
2024-07-31,233.9499969482422,4976633
2024-08-01,242.0,7249228
2024-08-02,219.0,15423808
2024-08-05,176.89999389648438,32296502
2024-08-06,194.0,29414186
2024-08-07,209.3000030517578,14207884
2024-08-08,200.3500061035156,12821576
2024-08-09,211.6999969482422,13335516
2024-08-12,217.0,8295085
2024-08-13,218.3999938964844,7044652
2024-08-14,223.1499938964844,9868554
2024-08-15,221.1999969482422,4930496
2024-08-16,230.8999938964844,7010444
2024-08-19,230.8000030517578,4822342
2024-08-20,231.5,4352968
2024-08-21,228.4499969482422,4352169
2024-08-22,225.5,4901896
2024-08-23,226.6499938964844,7062971
2024-08-26,227.5,6091013
2024-08-27,227.3000030517578,3992233
2024-08-28,231.6999969482422,4072143
2024-08-29,227.4499969482422,7239215
2024-08-30,229.8999938964844,3238223
2024-09-02,228.0,4391434
2024-09-03,225.25,4108673
2024-09-04,203.5500030517578,18841700
2024-09-05,205.6499938964844,7224698
2024-09-06,210.6499938964844,7090746
2024-09-09,205.0500030517578,10644781
2024-09-10,204.1499938964844,8366069
2024-09-11,202.6999969482422,4331567
2024-09-12,216.75,10035264
2024-09-13,218.6999969482422,4344249
2024-09-16,219.6000061035156,3795214
2024-09-18,216.0500030517578,4662910
2024-09-19,223.3500061035156,5469987
2024-09-20,226.0500030517578,5882642
2024-09-23,229.1999969482422,2878832
2024-09-24,232.25,5054298
2024-09-25,239.1999969482422,6032022
2024-09-26,241.8000030517578,4630020
2024-09-27,241.5,6185111
2024-09-30,228.9499969482422,13658985
2024-10-01,230.0,4620362
2024-10-04,228.1000061035156,4449640
2024-10-07,238.1999969482422,7272067
2024-10-08,233.8999938964844,4988908
2024-10-09,236.0,4584251
2024-10-11,241.5500030517578,5622498
2024-10-14,243.0500030517578,4531725
2024-10-15,249.3999938964844,5884380
2024-10-16,243.5,6825647
2024-10-17,245.1000061035156,3925328
2024-10-18,253.8999938964844,11782914
2024-10-21,254.1999969482422,3237955
2024-10-22,253.5,4350416
2024-10-23,249.6999969482422,4491839
2024-10-24,246.8999938964844,4913126
2024-10-25,250.5,2991270
2024-10-28,248.3500061035156,5921357
2024-10-29,240.0,13126544
2024-10-30,239.0500030517578,4318744
2024-11-01,236.6499938964844,8029384
2024-11-04,241.9499969482422,4554591
2024-11-05,243.0,6350085
2024-11-06,246.75,7573487
2024-11-07,251.6499938964844,9569731
2024-11-08,254.1499938964844,7407502
2024-11-11,253.6499938964844,7501845
2024-11-12,239.6999969482422,11653328
2024-11-13,238.5,5852881
2024-11-14,234.1000061035156,8249915
2024-11-15,238.0,4369615
2024-11-18,232.1000061035156,6530589
2024-11-19,238.3999938964844,5255546
2024-11-20,236.1999969482422,24378
2024-11-21,232.5,5058128
2024-11-22,240.3999938964844,5346519
2024-11-25,241.0,4707939
2024-11-26,233.6499938964844,6956630
2024-11-27,226.8999938964844,7127477
2024-11-28,225.5500030517578,6931038
2024-11-29,227.25,5130863
2024-12-02,235.5500030517578,5741232
2024-12-03,241.1499938964844,6314121
2024-12-04,245.0,5501401
2024-12-05,245.3500061035156,4376797
2024-12-06,244.3500061035156,4957024
2024-12-09,244.1999969482422,2253877
2024-12-10,241.4499969482422,4544545
2024-12-11,237.25,4592044
2024-12-12,241.3999938964844,3644660
2024-12-13,240.3500061035156,3735970
2024-12-16,239.0,5926846
2024-12-17,241.75,3652593
2024-12-18,241.75,3286525
2024-12-19,236.1999969482422,8139271
2024-12-20,231.75,5628591
2024-12-23,242.8999938964844,6910182
2024-12-24,243.0500030517578,4154964
2024-12-25,245.3999938964844,3140374
2024-12-26,244.8000030517578,1710477
2024-12-27,246.0500030517578,2885783
2024-12-30,242.1999969482422,1827856
2024-12-31,240.3500061035156,3495403
2025-01-02,234.4499969482422,6215737
2025-01-03,238.1000061035156,3758671
2025-01-06,251.1499938964844,9855775
2025-01-07,254.0500030517578,6232015
2025-01-08,248.3999938964844,3748147
2025-01-09,241.5,4956875
2025-01-10,240.3000030517578,3669825
2025-01-13,229.0,11203020
2025-01-14,232.5500030517578,3923743
2025-01-15,228.6000061035156,3157831
2025-01-16,237.8500061035156,6797761
2025-01-17,239.3500061035156,4325497
2025-01-20,244.1499938964844,4844541
2025-01-21,244.6499938964844,3231094
2025-01-22,250.8999938964844,7483698
2025-02-03,229.5,15738600
2025-02-04,230.6499938964844,4236799
2025-02-05,239.6499938964844,5441514
2025-02-06,240.8999938964844,3082303
2025-02-07,244.8999938964844,4202463
2025-02-10,240.8000030517578,3516232
2025-02-11,242.75,2888693
2025-02-12,242.1999969482422,3186950
2025-02-13,243.9499969482422,2791100
2025-02-14,239.0,3789156
2025-02-17,246.3500061035156,6471283
2025-02-18,248.5500030517578,2488701
2025-02-19,247.5,2352117
2025-02-20,245.8999938964844,2568254
2025-02-21,250.4499969482422,4438649
2025-02-24,246.9499969482422,3050844
2025-02-25,241.0,5879199
2025-02-26,243.1499938964844,4021214
2025-02-27,238.4499969482422,5363108
2025-03-03,229.4499969482422,14930401
2025-03-04,226.9499969482422,8219757
2025-03-05,232.6000061035156,5141588
2025-03-06,229.6499938964844,4104330
2025-03-07,225.3999938964844,5084517
2025-03-10,223.75,4772760
2025-03-11,215.5,12833975
2025-03-12,217.8500061035156,4342095
2025-03-13,213.9499969482422,6013775
2025-03-14,213.8000030517578,3729824
2025-03-17,217.3000030517578,3958095
2025-03-18,219.0500030517578,2730182
2025-03-19,214.8999938964844,3517368
2025-03-20,222.1999969482422,4667006
2025-03-21,218.1999969482422,2386000
2025-03-24,216.8500061035156,2553557
2025-03-25,220.25,3687682
2025-03-26,220.6999969482422,2241580
2025-03-27,213.3000030517578,6176151
2025-03-28,206.1000061035156,9044318
2025-03-31,191.0,14554673
2025-04-01,199.0500030517578,7308959
2025-04-02,200.3000030517578,4347810
2025-04-07,160.25,2717627
2025-04-08,142.3000030517578,57431808
2025-04-09,126.4499969482422,46241816
2025-04-10,151.6999969482422,3801072
2025-04-11,160.10000610351562,34695447
2025-04-14,159.75,24589779
2025-04-15,165.0,10754289
2025-04-16,158.10000610351562,11316964
2025-04-17,157.3000030517578,12334811
2025-04-18,157.89999389648438,6504621
2025-04-21,152.64999389648438,9249799
2025-04-22,148.6999969482422,10769237
2025-04-23,161.10000610351562,12949888
2025-04-24,158.60000610351562,9029612
2025-04-25,165.60000610351562,11474061
2025-04-28,167.85000610351562,7595324
2025-04-29,170.9499969482422,6480515
2025-04-30,170.3000030517578,8167458
2025-05-02,179.85000610351562,8698755
2025-05-05,175.14999389648438,18990253
2025-05-06,174.75,15754066
2025-05-07,174.25,9327948
2025-05-08,178.35000610351562,10020791
2025-05-09,182.4499969482422,8658225
2025-05-12,186.3999938964844,7630708
2025-05-13,190.75,11037057
2025-05-14,198.6999969482422,8280039
2025-05-15,197.5500030517578,5769286
2025-05-16,200.1499938964844,6502284
2025-05-19,194.1000061035156,5836196
2025-05-20,194.6000061035156,4104050
2025-05-21,199.5,5330770
2025-05-22,195.3999938964844,7188670
2025-05-23,194.75,5264340
2025-05-26,193.6000061035156,8020242
2025-05-27,190.1000061035156,7466193
2025-05-28,190.8500061035156,7000756
2025-05-29,191.9499969482422,6213246
2025-06-02,183.6999969482422,10164489
2025-06-03,186.1499938964844,9296445
2025-06-04,195.6999969482422,10655324
2025-06-05,196.0,4390936
2025-06-06,196.6999969482422,2560515
2025-06-09,199.1000061035156,3477938
2025-06-10,206.8000030517578,8690584
2025-06-11,210.6000061035156,6210588
2025-06-12,209.0,8288960
2025-06-13,204.1499938964844,14352264
2025-06-16,205.25,5007688
2025-06-17,206.5,5074981
2025-06-18,209.5,6012519
2025-06-19,205.1000061035156,5515148
2025-06-20,203.8999938964844,7142699
2025-06-23,200.5,6791309
2025-06-24,209.3000030517578,9084285
2025-06-25,213.75,8839321
2025-06-26,212.6999969482422,9428074
2025-06-27,212.1999969482422,6533686
2025-06-30,213.5,4775732
2025-07-01,217.5500030517578,8439299
2025-07-02,217.8999938964844,3260021
2025-07-03,223.9499969482422,6285003
2025-07-04,219.1999969482422,6700086
2025-07-07,216.3500061035156,4951767
2025-07-08,214.8500061035156,4470156
2025-07-09,218.8999938964844,3421120
2025-07-10,221.6499938964844,4504798
2025-07-11,224.8000030517578,5028312
2025-07-14,220.75,4154658
2025-07-15,226.6999969482422,7241456
2025-07-16,230.6499938964844,8459205
2025-07-17,234.25,8452389
2025-07-18,238.8500061035156,7826874
2025-07-21,237.3999938964844,4146152
2025-07-22,232.9499969482422,8898549
2025-07-23,236.8500061035156,8357603
2025-07-24,239.6499938964844,4376318
2025-07-25,238.1999969482422,5878489
2025-07-28,240.6000061035156,8031793
2025-07-29,235.6000061035156,13074122
2025-07-30,240.1000061035156,5882555
2025-07-31,245.1999969482422,5562714
2025-08-01,240.8999938964844,7394602
2025-08-04,238.8500061035156,9436440
2025-08-05,244.6499938964844,5527433
2025-08-06,241.1000061035156,3879087
2025-08-07,253.1999969482422,9920685
2025-08-08,252.6999969482422,5059393
2025-08-11,256.75,4600054
2025-08-12,257.29998779296875,2517416
2025-08-13,260.25,4940502
2025-08-14,259.29998779296875,3319593
2025-08-15,259.95001220703125,3668851
2025-08-18,262.8500061035156,3651409
2025-08-19,260.29998779296875,3128035
2025-08-20,246.6499938964844,10226778
2025-08-21,251.1000061035156,4764841
2025-08-22,248.8999938964844,2632782
2025-08-25,259.1000061035156,5655647
2025-08-26,258.95001220703125,2134961
2025-08-27,263.8999938964844,3765498
2025-08-28,259.3999938964844,3399314
2025-08-29,259.3500061035156,2613043
2025-09-01,252.8000030517578,6128330
2025-09-02,252.8000030517578,3399446
2025-09-03,253.3500061035156,2115789
2025-09-04,256.45001220703125,4695187
2025-09-05,262.04998779296875,4344641
2025-09-08,265.6499938964844,4316019
2025-09-09,270.5,4210624
2025-09-10,279.6000061035156,5293260
2025-09-11,279.75,5392960
2025-09-12,284.79998779296875,2539900
2025-09-15,282.75,2263051
2025-09-16,288.8500061035156,2748398
2025-09-17,285.1000061035156,2278359
2025-09-18,290.75,3080642
2025-09-19,290.8500061035156,2611943
2025-09-22,294.8999938964844,2141346
2025-09-23,302.45001220703125,4381449
2025-09-24,302.79998779296875,3474237
2025-09-25,300.25,1839421
2025-09-26,289.6499938964844,7740619
2025-09-30,296.79998779296875,5179820
2025-10-01,298.20001220703125,3723865
2025-10-02,306.70001220703125,3964598
2025-10-03,314.0,4163898
2025-10-07,327.79998779296875,3995493
2025-10-08,322.8500061035156,3273177
2025-10-09,327.79998779296875,3085612
2025-10-13,318.54998779296875,9248554
2025-10-14,315.6499938964844,6018971
2025-10-15,325.8999938964844,4158249
2025-10-16,337.70001220703125,5323625
2025-10-17,328.04998779296875,4134836
2025-10-20,337.6000061035156,3162066
2025-10-21,338.95001220703125,2485934
2025-10-22,336.8999938964844,2948342
2025-10-23,332.3999938964844,2960216
2025-10-27,347.75,4217954
2025-10-28,343.04998779296875,2999399
2025-10-29,352.5,2927802
2025-10-30,352.3500061035156,3219586
2025-10-31,355.1000061035156,2317618
2025-11-03,350.1499938964844,2873676
2025-11-04,346.1000061035156,3618418
2025-11-05,338.29998779296875,8656303
2025-11-06,344.75,3630453
2025-11-07,335.3999938964844,4512438
2025-11-10,343.0,2826757
2025-11-11,337.95001220703125,4129047
2025-11-12,343.70001220703125,1921632
2025-11-13,341.79998779296875,2118059
2025-11-14,327.8999938964844,7271712
2025-11-17,329.8999938964844,4124699
2025-11-18,314.8999938964844,8069990
2025-11-19,310.8500061035156,3960240
2025-11-20,329.75,5802822
2025-11-21,307.1499938964844,10824809
2025-11-24,308.1000061035156,4271849
2025-11-25,315.04998779296875,3643023
2025-11-26,325.5,3379181
2025-11-27,331.75,4262258
2025-11-28,336.6000061035156,2939740
2025-12-01,327.45001220703125,3617959
2025-12-02,330.3500061035156,2546628
2025-12-03,335.4100036621094,0
