Price,Close,Volume
Ticker,00878.TW,00878.TW
Date,,
2020-07-10,10.464895248413086,0
2020-07-13,10.457918167114258,0
2020-07-14,10.450940132141113,0
2020-07-15,10.436988830566406,0
2020-07-16,10.443964958190918,0
2020-07-17,10.388154029846191,0
2020-07-20,10.688146591186523,85251099
2020-07-21,10.981163024902344,102347500
2020-07-22,10.681171417236328,94531477
2020-07-23,10.562567710876465,90737404
2020-07-24,10.499776840209961,81082771
2020-07-27,10.450940132141113,63772163
2020-07-28,10.360245704650879,57983907
2020-07-29,10.38117790222168,25375208
2020-07-30,10.464895248413086,20137890
2020-07-31,10.499776840209961,18111199
2020-08-03,10.450940132141113,26620086
2020-08-04,10.47884750366211,31076653
2020-08-05,10.576522827148438,50629553
2020-08-06,10.569543838500977,21943256
2020-08-07,10.534660339355469,14876417
2020-08-10,10.562567710876465,9895318
2020-08-11,10.520711898803711,15819334
2020-08-12,10.471871376037598,21106293
2020-08-13,10.513731002807617,5012029
2020-08-14,10.562567710876465,9453444
2020-08-17,10.653264045715332,20573656
2020-08-18,10.653264045715332,15637697
2020-08-19,10.597450256347656,19879708
2020-08-20,10.374198913574219,128324384
2020-08-21,10.39512825012207,44156469
2020-08-24,10.423033714294434,13089841
2020-08-25,10.464895248413086,11248996
2020-08-26,10.47884750366211,6069695
2020-08-27,10.457918167114258,12936911
2020-08-28,10.443964958190918,12662546
2020-08-31,10.374198913574219,30305158
2020-09-01,10.360245704650879,26498597
2020-09-02,10.346293449401855,25512542
2020-09-03,10.38117790222168,11238659
2020-09-04,10.304433822631836,41951208
2020-09-07,10.318387031555176,16940526
2020-09-08,10.332338333129883,5888051
2020-09-09,10.290480613708496,36227560
2020-09-10,10.311408996582031,6865973
2020-09-11,10.297457695007324,13246790
2020-09-14,10.36722183227539,7196666
2020-09-15,10.388154029846191,8655190
2020-09-16,10.388154029846191,9496541
2020-09-17,10.318387031555176,17464748
2020-09-18,10.346293449401855,3801124
2020-09-21,10.276527404785156,17884425
2020-09-22,10.220712661743164,24271741
2020-09-23,10.185832023620605,20813889
2020-09-24,9.997464179992676,44948207
2020-09-25,9.934673309326172,23485066
2020-09-28,10.116063117980957,8818715
2020-09-29,10.136995315551758,4905767
2020-09-30,10.171879768371582,5764314
2020-10-05,10.14397144317627,5027516
2020-10-06,10.185832023620605,5321987
2020-10-07,10.185832023620605,4157637
2020-10-08,10.227690696716309,6100201
2020-10-12,10.220712661743164,5911203
2020-10-13,10.199782371520996,3498665
2020-10-14,10.213738441467285,4573800
2020-10-15,10.164900779724121,5061585
2020-10-16,10.116063117980957,5950979
2020-10-19,10.150945663452148,3462199
2020-10-20,10.123042106628418,3458418
2020-10-21,10.116063117980957,6777004
2020-10-22,10.116063117980957,3375634
2020-10-23,10.14397144317627,3291643
2020-10-26,10.185832023620605,3566491
2020-10-27,10.164900779724121,2600470
2020-10-28,10.150945663452148,4709823
2020-10-29,10.109088897705078,10162082
2020-10-30,10.06025218963623,10347003
2020-11-02,10.06025218963623,3250489
2020-11-03,10.123042106628418,6367577
2020-11-04,10.171879768371582,6380311
2020-11-05,10.1928071975708,5982737
2020-11-06,10.220712661743164,9864430
2020-11-09,10.297457695007324,20050098
2020-11-10,10.318387031555176,13084166
2020-11-11,10.457918167114258,32250084
2020-11-12,10.423033714294434,12340513
2020-11-13,10.443964958190918,11855482
2020-11-16,10.534660339355469,57020626
2020-11-17,10.590659141540527,35723410
2020-11-18,10.653656005859375,30748591
2020-11-19,10.646657943725586,18463342
2020-11-20,10.660656929016113,17237713
2020-11-23,10.77965259552002,28472071
2020-11-24,10.751653671264648,15787911
2020-11-25,10.737654685974121,12712697
2020-11-26,10.786652565002441,11842187
2020-11-27,10.800653457641602,14087876
2020-11-30,10.74465560913086,14277378
2020-12-01,10.828652381896973,11782642
2020-12-02,10.877649307250977,17360427
2020-12-03,10.919649124145508,13974268
2020-12-04,11.031645774841309,13831147
2020-12-07,11.136641502380371,18062581
2020-12-08,11.199639320373535,18321393
2020-12-09,11.297636032104492,13329970
2020-12-10,11.185639381408691,15981809
2020-12-11,11.185639381408691,13079776
2020-12-14,11.164640426635742,9339546
2020-12-15,10.982644081115723,11146067
2020-12-16,11.14364242553711,9494038
2020-12-17,11.136641502380371,7119455
2020-12-18,11.101643562316895,5674922
2020-12-21,11.08764362335205,5261513
2020-12-22,10.989646911621094,7051875
2020-12-23,11.017645835876465,6342927
2020-12-24,11.080644607543945,6758368
2020-12-25,11.122642517089844,6085536
2020-12-28,11.220640182495117,17984409
2020-12-29,11.213639259338379,6547643
2020-12-30,11.311637878417969,12716130
2020-12-31,11.297636032104492,5970832
2021-01-04,11.339634895324707,11092940
2021-01-05,11.346633911132812,14381492
2021-01-06,11.269638061523438,14235562
2021-01-07,11.367632865905762,11817045
2021-01-08,11.549630165100098,15334676
2021-01-11,11.668623924255371,9020751
2021-01-12,11.591628074645996,8773692
2021-01-13,11.808622360229492,11356321
2021-01-14,11.899617195129395,8224768
2021-01-15,11.808622360229492,10115188
2021-01-18,11.68962574005127,10815269
2021-01-19,11.731622695922852,5733606
2021-01-20,11.479631423950195,12821740
2021-01-21,11.549630165100098,9096488
2021-01-22,11.65462589263916,7699342
2021-01-25,11.787620544433594,10247538
2021-01-26,11.675623893737793,6823555
2021-01-27,11.766621589660645,12589377
2021-01-28,11.633625984191895,7842678
2021-01-29,11.451630592346191,7042300
2021-02-01,11.514631271362305,7664937
2021-02-02,11.626628875732422,5096407
2021-02-03,11.668623924255371,4033709
2021-02-04,11.633625984191895,3065215
2021-02-05,11.71762466430664,11263418
2021-02-17,11.850618362426758,8941292
2021-02-18,11.892619132995605,7488038
2021-02-19,11.934614181518555,10170786
2021-02-22,12.07461166381836,8765698
2021-02-23,12.200607299804688,9914272
2021-02-24,12.158609390258789,15667230
2021-02-25,12.306884765625,7683334
2021-02-26,12.102123260498047,15093312
2021-03-02,12.0597562789917,5951183
2021-03-03,12.172727584838867,4576826
2021-03-04,12.073880195617676,9597970
2021-03-05,12.003273010253906,6597094
2021-03-08,12.017394065856934,4942499
2021-03-09,12.102123260498047,5024369
2021-03-10,12.116244316101074,2613799
2021-03-11,12.278642654418945,6514446
2021-03-12,12.356308937072754,6456316
2021-03-15,12.426918029785156,5242987
2021-03-16,12.4622220993042,5491508
2021-03-17,12.426918029785156,5355305
2021-03-18,12.511646270751953,7966691
2021-03-19,12.47634220123291,4754806
2021-03-22,12.52576732635498,4024907
2021-03-23,12.568130493164062,3246119
2021-03-24,12.5540132522583,3406548
2021-03-25,12.603437423706055,4132625
2021-03-26,12.702286720275879,5168455
2021-03-29,12.857621192932129,6261782
2021-03-30,13.027080535888672,8002794
2021-03-31,12.984715461730957,10349996
2021-04-01,13.005897521972656,5282514
2021-04-07,13.083569526672363,5548135
2021-04-08,13.118870735168457,4399237
2021-04-09,13.06944751739502,6506850
2021-04-12,13.104747772216797,4836907
2021-04-13,13.05532455444336,6879067
2021-04-14,13.012961387634277,12333120
2021-04-15,13.062385559082031,7088286
2021-04-16,13.22478199005127,7967786
2021-04-19,13.387177467346191,7831876
2021-04-20,13.422484397888184,7922541
2021-04-21,13.429544448852539,8329860
2021-04-22,13.344817161560059,12701577
2021-04-23,13.37305736541748,6737830
2021-04-26,13.549576759338379,6641628
2021-04-27,13.570759773254395,4730036
2021-04-28,13.549576759338379,4495605
2021-04-29,13.521332740783691,4828402
2021-05-03,13.429544448852539,9174049
2021-05-04,13.245962142944336,24124335
2021-05-05,13.288328170776367,13131808
2021-05-06,13.323633193969727,11784823
2021-05-07,13.521332740783691,7659769
2021-05-10,13.59900188446045,9365751
2021-05-11,13.415422439575195,32850798
2021-05-12,12.652859687805176,67297905
2021-05-13,12.589314460754395,25163004
2021-05-14,12.744650840759277,28259139
2021-05-17,12.342188835144043,48527348
2021-05-18,12.822125434875488,15077435
2021-05-19,12.807796478271484,9543354
2021-05-20,12.736165046691895,9048741
2021-05-21,12.86510181427002,9022043
2021-05-24,12.822125434875488,5662304
2021-05-25,12.979713439941406,7399074
2021-05-26,12.965387344360352,5187594
2021-05-27,12.900918960571289,6234930
2021-05-28,13.029854774475098,7103947
2021-05-31,13.130141258239746,11768994
2021-06-01,13.230425834655762,6699548
2021-06-02,13.187445640563965,7766840
2021-06-03,13.194609642028809,3850183
2021-06-04,13.12297534942627,7263299
2021-06-07,13.072835922241211,8694072
2021-06-08,13.087160110473633,4137526
2021-06-09,13.008366584777832,6234275
2021-06-10,13.065669059753418,5327421
2021-06-11,13.079998970031738,5578050
2021-06-15,13.079998970031738,3916327
2021-06-16,13.094326972961426,5127137
2021-06-17,13.144468307495117,4731787
2021-06-18,13.108652114868164,4671615
2021-06-21,12.994040489196777,11357626
2021-06-22,12.958223342895508,7658430
2021-06-23,13.037019729614258,4120754
2021-06-24,13.05850887298584,2437832
2021-06-25,13.072835922241211,5449419
2021-06-28,13.087160110473633,4864862
2021-06-29,13.037019729614258,7042100
2021-06-30,13.05850887298584,4028785
2021-07-01,13.044182777404785,6255206
2021-07-02,13.072835922241211,3261222
2021-07-05,13.16595458984375,7911905
2021-07-06,13.180281639099121,7108390
2021-07-07,13.173118591308594,5106645
2021-07-08,13.21609878540039,5885148
2021-07-09,13.187445640563965,6371482
2021-07-12,13.21609878540039,5159427
2021-07-13,13.230425834655762,5268731
2021-07-14,13.223259925842285,3710306
2021-07-15,13.24475383758545,3857908
2021-07-16,13.280569076538086,4071075
2021-07-19,13.259077072143555,5355423
2021-07-20,13.158791542053223,8074323
2021-07-21,13.12297534942627,6156972
2021-07-22,13.180281639099121,3573272
2021-07-23,13.194609642028809,2979316
2021-07-26,13.173118591308594,6461166
2021-07-27,13.144468307495117,5488858
2021-07-28,13.015530586242676,16246133
2021-07-29,13.101489067077637,3759635
2021-07-30,13.079998970031738,4156175
2021-08-02,13.20893669128418,4078615
2021-08-03,13.24475383758545,9795146
2021-08-04,13.31638240814209,6668672
2021-08-05,13.35219955444336,6521452
2021-08-06,13.345036506652832,7031391
2021-08-09,13.259077072143555,11983476
2021-08-10,13.21609878540039,21295002
2021-08-11,13.194609642028809,15840653
2021-08-12,13.144468307495117,18149878
2021-08-13,13.065669059753418,25903192
2021-08-16,13.037019729614258,36135000
2021-08-17,12.913204193115234,39646486
2021-08-18,13.007885932922363,20136351
2021-08-19,12.789388656616211,25916743
2021-08-20,12.716554641723633,17751076
2021-08-23,12.862221717834473,11093033
2021-08-24,12.935052871704102,7201988
2021-08-25,13.007885932922363,7557882
2021-08-26,12.964187622070312,11967117
2021-08-27,13.095285415649414,6965202
2021-08-30,13.197251319885254,7775361
2021-08-31,13.240948677062988,8504808
2021-09-01,13.2482328414917,7284419
2021-09-02,13.146267890930176,10040131
2021-09-03,13.219103813171387,9165225
2021-09-06,13.219103813171387,10235988
2021-09-07,13.219103813171387,6766702
2021-09-08,13.124417304992676,18502983
2021-09-09,13.117136001586914,7388706
2021-09-10,13.219103813171387,5012734
2021-09-13,13.255517959594727,8335248
2021-09-14,13.2919340133667,5226440
2021-09-15,13.284646987915039,5952045
2021-09-16,13.2919340133667,7927739
2021-09-17,13.328349113464355,7621633
2021-09-22,13.197251319885254,20431576
2021-09-23,13.328349113464355,6739517
2021-09-24,13.364767074584961,7778745
2021-09-27,13.415748596191406,6650464
2021-09-28,13.3793306350708,8062123
2021-09-29,13.226385116577148,21112201
2021-09-30,13.262800216674805,6407881
2021-10-01,13.131699562072754,29828603
2021-10-04,13.073436737060547,21627858
2021-10-05,13.080718040466309,22035773
2021-10-06,13.102566719055176,15263339
2021-10-07,13.255517959594727,9426873
2021-10-08,13.240948677062988,8897420
2021-10-12,13.153550148010254,13578951
2021-10-13,13.131699562072754,9600382
2021-10-14,13.146267890930176,6270072
2021-10-15,13.226385116577148,6310485
2021-10-18,13.240948677062988,7507383
2021-10-19,13.2482328414917,5121222
2021-10-20,13.2482328414917,6568712
2021-10-21,13.240948677062988,8995600
2021-10-22,13.2482328414917,7583589
2021-10-25,13.284646987915039,8127173
2021-10-26,13.350199699401855,9232038
2021-10-27,13.372048377990723,6453511
2021-10-28,13.386613845825195,5697337
2021-10-29,13.342914581298828,12442873
2021-11-01,13.342914581298828,6950443
2021-11-02,13.357481002807617,19621306
2021-11-03,13.408463478088379,13394911
2021-11-04,13.415748596191406,13101837
2021-11-05,13.430315017700195,14817645
2021-11-08,13.510432243347168,16076077
2021-11-09,13.58326530456543,17969820
2021-11-10,13.612396240234375,14854673
2021-11-11,13.597830772399902,16404079
2021-11-12,13.641529083251953,17440014
2021-11-15,13.72892951965332,39039240
2021-11-16,13.736320495605469,51769833
2021-11-17,13.788074493408203,19032929
2021-11-18,13.876788139343262,15109669
2021-11-19,13.832430839538574,14288137
2021-11-22,13.854612350463867,7704516
2021-11-23,13.765894889831543,13237158
2021-11-24,13.802860260009766,7556548
2021-11-25,13.839824676513672,6079703
2021-11-26,13.669785499572754,33093030
2021-11-29,13.60324478149414,23528833
2021-11-30,13.618033409118652,10552456
2021-12-01,13.714143753051758,7628295
2021-12-02,13.714143753051758,7218471
2021-12-03,13.795467376708984,7620787
2021-12-06,13.82503890991211,10136409
2021-12-07,13.86939525604248,10477185
2021-12-08,13.898967742919922,13147207
2021-12-09,13.913751602172852,11993920
2021-12-10,13.928544044494629,12137746
2021-12-13,13.913751602172852,12028887
2021-12-14,13.82503890991211,15210465
2021-12-15,13.854612350463867,8152020
2021-12-16,13.935935974121094,10326685
2021-12-17,13.943327903747559,7890696
2021-12-20,13.862003326416016,15028936
2021-12-21,13.928544044494629,7545875
2021-12-22,13.950721740722656,6484943
2021-12-23,13.980293273925781,8768052
2021-12-24,14.002470016479492,7144493
2021-12-27,14.061617851257324,9995277
2021-12-28,14.12076187133789,11284499
2021-12-29,14.17251205444336,11256173
2021-12-30,14.17251205444336,8818028
2022-01-03,14.12076187133789,19797676
2022-01-04,14.179903030395508,12603157
2022-01-05,14.17251205444336,10878748
2022-01-06,14.15772533416748,15501338
2022-01-07,14.128154754638672,14911358
2022-01-10,14.17251205444336,11794183
2022-01-11,14.231657981872559,11769117
2022-01-12,14.305586814880371,12145316
2022-01-13,14.401698112487793,12795107
2022-01-14,14.342551231384277,19481162
2022-01-17,14.32037353515625,13847886
2022-01-18,14.372126579284668,11678136
2022-01-19,14.349945068359375,15460325
2022-01-20,14.349945068359375,7860507
2022-01-21,14.17251205444336,35520858
2022-01-24,14.165119171142578,22861144
2022-01-25,14.017256736755371,35025167
2022-01-26,14.05422306060791,14611246
2022-02-07,14.261231422424316,23895689
2022-02-08,14.401698112487793,27154077
2022-02-09,14.4904146194458,29470185
2022-02-10,14.527379035949707,27442682
2022-02-11,14.50520133972168,30087288
2022-02-14,14.401698112487793,67982144
2022-02-15,14.372126579284668,60957697
2022-02-16,14.431267738342285,36156440
2022-02-17,14.50520133972168,36771503
2022-02-18,14.564346313476562,68265085
2022-02-21,14.601309776306152,102574030
2022-02-22,14.533747673034668,121137148
2022-02-23,14.518731117248535,60216589
2022-02-24,14.27099895477295,119577708
2022-02-25,14.278507232666016,79811078
2022-03-01,14.481196403503418,28496496
2022-03-02,14.481196403503418,21427283
2022-03-03,14.518731117248535,16022079
2022-03-04,14.406126976013184,38002524
2022-03-07,14.113348007202148,120949216
2022-03-08,13.880631446838379,106585827
2022-03-09,13.98572826385498,34300386
2022-03-10,14.233460426330566,28066556
2022-03-11,14.173404693603516,22585734
2022-03-14,14.2634916305542,18743081
2022-03-15,14.150885581970215,31784168
2022-03-16,14.255982398986816,21090425
2022-03-17,14.436155319213867,28987039
2022-03-18,14.436155319213867,17433803
2022-03-21,14.4586763381958,17782061
2022-03-22,14.481196403503418,16074940
2022-03-23,14.556265830993652,20506479
2022-03-24,14.548761367797852,12773863
2022-03-25,14.503716468811035,17193139
2022-03-28,14.49621295928955,31484737
2022-03-29,14.4586763381958,14625997
2022-03-30,14.541254997253418,14917357
2022-03-31,14.526239395141602,17903765
2022-04-01,14.518731117248535,19277326
2022-04-06,14.563774108886719,26651310
2022-04-07,14.436155319213867,37975624
2022-04-08,14.503716468811035,15398490
2022-04-11,14.413634300231934,39853797
2022-04-12,14.346070289611816,35512890
2022-04-13,14.466182708740234,16246876
2022-04-14,14.353578567504883,28659686
2022-04-15,14.286014556884766,37459180
2022-04-18,14.203435897827148,65278081
2022-04-19,14.22595500946045,21405978
2022-04-20,14.240965843200684,27040195
2022-04-21,14.240965843200684,19580779
2022-04-22,14.2634916305542,34438355
2022-04-25,14.075813293457031,75847431
2022-04-26,14.113348007202148,24197770
2022-04-27,13.963210105895996,65597679
2022-04-28,14.015758514404297,28195492
2022-04-29,14.128361701965332,31218943
2022-05-03,14.075813293457031,26903683
2022-05-04,14.135866165161133,42174779
2022-05-05,14.165900230407715,37722102
2022-05-06,14.015758514404297,92711602
2022-05-09,13.768021583557129,120325465
2022-05-10,13.768021583557129,58294720
2022-05-11,13.647907257080078,52143923
2022-05-12,13.385161399841309,112661225
2022-05-13,13.437712669372559,44741866
2022-05-16,13.437712669372559,86504974
2022-05-17,13.430203437805176,81163855
2022-05-18,13.560147285461426,68423689
2022-05-19,13.399628639221191,53045660
2022-05-20,13.445491790771484,19216430
2022-05-23,13.376696586608887,39388290
2022-05-24,13.2849702835083,49293366
2022-05-25,13.361410140991211,20123716
2022-05-26,13.315545082092285,30551776
2022-05-27,13.453134536743164,20234967
2022-05-30,13.651875495910645,27880136
2022-05-31,13.65951919555664,32461778
2022-06-01,13.682452201843262,34752556
2022-06-02,13.621296882629395,24668840
2022-06-06,13.606011390686035,31476767
2022-06-07,13.537215232849121,26657080
2022-06-08,13.606011390686035,13825818
2022-06-09,13.529570579528809,26652292
2022-06-10,13.460779190063477,31842673
2022-06-13,13.254395484924316,83588538
2022-06-14,13.262038230895996,43087128
2022-06-15,13.239106178283691,19682412
2022-06-16,13.185599327087402,34420055
2022-06-17,13.055656433105469,89489119
2022-06-20,12.856915473937988,82648716
2022-06-21,13.132096290588379,29295462
2022-06-22,12.956284523010254,42015139
2022-06-23,12.963929176330566,38563285
2022-06-24,13.040366172790527,24123609
2022-06-27,13.155025482177734,27489542
2022-06-28,13.07858657836914,22583337
2022-06-29,13.009794235229492,28823326
2022-06-30,12.734614372253418,101331410
2022-07-01,12.528231620788574,87583816
2022-07-04,12.497655868530273,50841860
2022-07-05,12.53587532043457,42103651
2022-07-06,12.275984764099121,67110076
2022-07-07,12.390642166137695,40566471
2022-07-08,12.428862571716309,40281267
2022-07-11,12.383000373840332,24802174
2022-07-12,12.207192420959473,71653856
2022-07-13,12.467081069946289,35779009
2022-07-14,12.49001407623291,49724010
2022-07-15,12.367711067199707,48751366
2022-07-18,12.467081069946289,30249730
2022-07-19,12.467081069946289,20798396
2022-07-20,12.551161766052246,39807564
2022-07-21,12.658175468444824,23126806
2022-07-22,12.673465728759766,27013218
2022-07-25,12.765190124511719,24020034
2022-07-26,12.719328880310059,30350712
2022-07-27,12.795766830444336,19454004
2022-07-28,12.849272727966309,36144922
2022-07-29,12.91806697845459,34411745
2022-08-01,12.948640823364258,33731427
2022-08-02,12.833984375,72508123
2022-08-03,12.8034086227417,50723082
2022-08-04,12.818696975708008,51629108
2022-08-05,12.971573829650879,34262082
2022-08-08,13.032723426818848,43336524
2022-08-09,13.109160423278809,40427414
2022-08-10,13.070941925048828,51404745
2022-08-11,13.216177940368652,42722520
2022-08-12,13.239106178283691,45400418
2022-08-15,13.24675178527832,101935258
2022-08-16,13.30113697052002,90761560
2022-08-17,13.293367385864258,45261146
2022-08-18,13.324445724487305,35557998
2022-08-19,13.339985847473145,35833521
2022-08-22,13.33221435546875,30229000
2022-08-23,13.231216430664062,87384322
2022-08-24,13.207903861999512,51995351
2022-08-25,13.262289047241211,25934358
2022-08-26,13.324445724487305,32000062
2022-08-29,13.137982368469238,134489947
2022-08-30,13.192366600036621,49383216
2022-08-31,13.231216430664062,40859232
2022-09-01,13.091363906860352,135762606
2022-09-02,13.052517890930176,75999626
2022-09-05,13.083596229553223,34629814
2022-09-06,13.083596229553223,35614729
2022-09-07,12.967055320739746,89917056
2022-09-08,13.16128921508789,31402097
2022-09-12,13.28559684753418,32874397
2022-09-13,13.34775447845459,25325244
2022-09-14,13.176827430725098,54892966
2022-09-15,13.254521369934082,23237680
2022-09-16,13.130210876464844,67803698
2022-09-19,13.114669799804688,39396819
2022-09-20,13.145750045776367,18064664
2022-09-21,13.052517890930176,72327183
2022-09-22,12.912670135498047,105136078
2022-09-23,12.866053581237793,67209755
2022-09-26,12.656282424926758,144916268
2022-09-27,12.640741348266602,58086343
2022-09-28,12.469815254211426,105812500
2022-09-29,12.516433715820312,77136439
2022-09-30,12.462047576904297,79316841
2022-10-03,12.329967498779297,92644260
2022-10-04,12.493123054504395,42445878
2022-10-05,12.594125747680664,42937214
2022-10-06,12.570818901062012,41369447
2022-10-07,12.48535442352295,34710887
2022-10-11,12.260043144226074,138448257
2022-10-12,12.322196960449219,48461771
2022-10-13,12.143503189086914,98427170
2022-10-14,12.197888374328613,42251534
2022-10-17,12.104656219482422,85433265
2022-10-18,12.12796401977539,45209137
2022-10-19,12.120196342468262,35119333
2022-10-20,12.050271034240723,62553200
2022-10-21,12.042501449584961,32158672
2022-10-24,12.034732818603516,36294290
2022-10-25,11.995885848999023,46814742
2022-10-26,12.104656219482422,28734002
2022-10-27,12.151272773742676,21556901
2022-10-28,12.120196342468262,28528469
2022-10-31,12.197888374328613,26278043
2022-11-01,12.267812728881836,26536013
2022-11-02,12.291121482849121,58621904
2022-11-03,12.260043144226074,48323372
2022-11-04,12.306660652160645,38970842
2022-11-07,12.469815254211426,40519846
2022-11-08,12.54750919342041,43048782
2022-11-09,12.632973670959473,36930156
2022-11-10,12.563048362731934,39978125
2022-11-11,12.803898811340332,58728722
2022-11-14,13.005900382995605,71046069
2022-11-15,13.029210090637207,80317400
2022-11-16,12.973899841308594,84253265
2022-11-17,12.934395790100098,43890571
2022-11-18,12.839580535888672,54708786
2022-11-21,12.760564804077148,42702198
2022-11-22,12.721059799194336,38615842
2022-11-23,12.86328411102295,26244073
2022-11-24,12.918591499328613,32340294
2022-11-25,12.958097457885742,33971428
2022-11-28,12.91069221496582,46456393
2022-11-29,13.005504608154297,23948332
2022-11-30,13.155630111694336,35719943
2022-12-01,13.17933177947998,51299476
2022-12-02,13.124025344848633,32494659
2022-12-05,13.171431541442871,36846105
2022-12-06,12.997603416442871,73904125
2022-12-07,12.958097457885742,37960615
2022-12-08,12.89488697052002,51537977
2022-12-09,12.965999603271484,22880503
2022-12-12,12.973899841308594,43248671
2022-12-13,12.871185302734375,54214234
2022-12-14,13.005504608154297,21078843
2022-12-15,12.989703178405762,20180278
2022-12-16,12.886987686157227,93829278
2022-12-19,12.839580535888672,46567408
2022-12-20,12.721059799194336,117804563
2022-12-21,12.697355270385742,67938152
2022-12-22,12.85538101196289,24209319
2022-12-23,12.7921724319458,31964597
2022-12-26,12.823775291442871,18713189
2022-12-27,12.85538101196289,18488353
2022-12-28,12.776368141174316,47551797
2022-12-29,12.713159561157227,55771931
2022-12-30,12.776368141174316,20694269
2023-01-03,12.784268379211426,45454931
2023-01-04,12.823775291442871,20865801
2023-01-05,12.89488697052002,23139034
2023-01-06,12.965999603271484,28899770
2023-01-09,13.163530349731445,67723997
2023-01-10,13.17933177947998,39145495
2023-01-11,13.171431541442871,22460724
2023-01-12,13.108222961425781,33644551
2023-01-13,13.131927490234375,32502050
2023-01-16,13.195136070251465,44766925
2023-01-17,13.2109375,31397759
2023-01-30,13.440075874328613,88042031
2023-01-31,13.337357521057129,70532322
2023-02-01,13.432174682617188,45108058
2023-02-02,13.52699089050293,91868014
2023-02-03,13.511185646057129,79318893
2023-02-06,13.4716796875,127077569
2023-02-07,13.479581832885742,71888793
2023-02-08,13.55069351196289,57532007
2023-02-09,13.519089698791504,72874340
2023-02-10,13.479581832885742,121567989
2023-02-13,13.52699089050293,117940152
2023-02-14,13.621804237365723,98809984
2023-02-15,13.55859661102295,197218475
2023-02-16,13.670982360839844,143022554
2023-02-17,13.679009437561035,91324708
2023-02-20,13.751255989074707,53036365
2023-02-21,13.743230819702148,38658369
2023-02-22,13.695061683654785,119745595
2023-02-23,13.783368110656738,59300530
2023-02-24,13.7271728515625,57958267
2023-03-01,13.670982360839844,108967222
2023-03-02,13.711119651794434,127050826
2023-03-03,13.751255989074707,36519568
2023-03-06,13.83153247833252,81382414
2023-03-07,13.89575481414795,49022373
2023-03-08,13.89575481414795,49768564
2023-03-09,13.81547737121582,73373617
2023-03-10,13.687034606933594,169314136
2023-03-13,13.630842208862305,200057859
2023-03-14,13.526485443115234,236328666
2023-03-15,13.526485443115234,95494684
2023-03-16,13.45423698425293,151365192
2023-03-17,13.582677841186523,56001751
2023-03-20,13.53451156616211,78858948
2023-03-21,13.590706825256348,34496728
2023-03-22,13.7271728515625,59899064
2023-03-23,13.783368110656738,87707104
2023-03-24,13.823503494262695,69747296
2023-03-27,13.823503494262695,54547920
2023-03-28,13.775339126586914,39244844
2023-03-29,13.807451248168945,29091402
2023-03-30,13.847586631774902,43812515
2023-03-31,13.91983699798584,72338143
2023-04-06,13.927863121032715,57688686
2023-04-07,13.935893058776855,32731726
2023-04-10,13.968000411987305,40159557
2023-04-11,14.048277854919434,55284073
2023-04-12,14.120526313781738,40231108
2023-04-13,14.104469299316406,44426469
2023-04-14,14.136582374572754,42057451
2023-04-17,14.15263557434082,39973152
2023-04-18,14.144606590270996,37436814
2023-04-19,14.136582374572754,38680646
2023-04-20,14.064332962036133,51630709
2023-04-21,14.024191856384277,44442512
2023-04-24,14.056305885314941,29129064
2023-04-25,13.911808013916016,92921082
2023-04-26,13.951946258544922,50293685
2023-04-27,14.008139610290527,29480194
2023-04-28,14.096443176269531,35166431
2023-05-02,14.192774772644043,46468130
2023-05-03,14.20080280303955,95780239
2023-05-04,14.232911109924316,67286692
2023-05-05,14.192774772644043,74117033
2023-05-08,14.248966217041016,67934850
2023-05-09,14.273052215576172,48507206
2023-05-10,14.248966217041016,77853061
2023-05-11,14.248966217041016,58290235
2023-05-12,14.281078338623047,64529496
2023-05-15,14.313188552856445,116143160
2023-05-16,14.42557430267334,97391945
2023-05-17,14.539673805236816,115070731
2023-05-18,14.621174812316895,79191406
2023-05-19,14.68637466430664,113726081
2023-05-22,14.68637466430664,57996656
2023-05-23,14.678226470947266,55849142
2023-05-24,14.653777122497559,61217298
2023-05-25,14.710824966430664,53639604
2023-05-26,14.808627128601074,67662452
2023-05-29,14.96347713470459,70895430
2023-05-30,14.94717788696289,60513537
2023-05-31,14.92272663116455,40310301
2023-06-01,14.873827934265137,42743088
2023-06-02,15.142777442932129,108303785
2023-06-05,15.175376892089844,54227951
2023-06-06,15.1998291015625,49778918
2023-06-07,15.305779457092285,42640846
2023-06-08,15.240578651428223,70797829
2023-06-09,15.460626602172852,72177155
2023-06-12,15.452478408813477,87580286
2023-06-13,15.607330322265625,104941439
2023-06-14,15.648080825805664,71160677
2023-06-15,15.819231033325195,91136910
2023-06-16,15.778477668762207,86784239
2023-06-19,15.713282585144043,77900940
2023-06-20,15.59102725982666,89398394
2023-06-21,15.770334243774414,66046519
2023-06-26,15.713282585144043,49531887
2023-06-27,15.50953197479248,84262516
2023-06-28,15.566581726074219,43027207
2023-06-29,15.648080825805664,42682943
2023-06-30,15.688831329345703,30520996
2023-07-03,15.908880233764648,69794653
2023-07-04,16.104480743408203,86035603
2023-07-05,16.047433853149414,49449758
2023-07-06,15.884431838989258,77690334
2023-07-07,15.737732887268066,79630178
2023-07-10,15.737732887268066,46582091
2023-07-11,16.137081146240234,91338341
2023-07-12,16.454931259155273,134951212
2023-07-13,16.73203468322754,180201406
2023-07-14,17.12323570251465,187562592
2023-07-17,17.34328842163086,136332624
2023-07-18,17.465538024902344,164182596
2023-07-19,17.082487106323242,179497964
2023-07-20,17.269939422607422,103555528
2023-07-21,17.612239837646484,167946275
2023-07-24,18.036041259765625,246373229
2023-07-25,18.09309196472168,175434342
2023-07-26,18.09309196472168,125438022
2023-07-27,18.076791763305664,99331336
2023-07-28,18.296844482421875,139656411
2023-07-31,17.81599235534668,250698550
2023-08-01,17.82414436340332,195828761
2023-08-02,17.253637313842773,295608394
2023-08-04,17.237340927124023,194560651
2023-08-07,17.734493255615234,108227140
2023-08-08,17.612239837646484,131956457
2023-08-09,17.52259063720703,80856690
2023-08-10,17.188438415527344,161506784
2023-08-11,17.294391632080078,63223470
2023-08-14,17.155839920043945,162384098
2023-08-15,17.465538024902344,126559502
2023-08-16,17.622962951660156,134441716
2023-08-17,17.66438865661621,77576479
2023-08-18,17.44068145751953,118084421
2023-08-21,17.448970794677734,48359346
2023-08-22,17.498682022094727,54435589
2023-08-23,17.631248474121094,47797786
2023-08-24,17.71409797668457,118936654
2023-08-25,17.382686614990234,155960607
2023-08-28,17.258405685424805,101326078
2023-08-29,17.357830047607422,45739375
2023-08-30,17.407541275024414,39763013
2023-08-31,17.374401092529297,49275555
2023-09-01,17.29983139038086,45690496
2023-09-04,17.34954833984375,48913019
2023-09-05,17.357830047607422,40629637
2023-09-06,17.432401657104492,53091876
2023-09-07,17.34954833984375,35452387
2023-09-08,17.34126091003418,32459260
2023-09-11,16.943559646606445,188108937
2023-09-12,16.910419464111328,75269724
2023-09-13,16.943559646606445,51786887
2023-09-14,17.241830825805664,58939057
2023-09-15,17.274978637695312,49009080
2023-09-18,17.05955696105957,78012238
2023-09-19,16.968416213989258,49507098
2023-09-20,16.935277938842773,53143292
2023-09-21,16.76128578186035,93960637
2023-09-22,16.84413719177246,42776010
2023-09-25,16.935277938842773,27281784
2023-09-26,16.786142349243164,42453692
2023-09-27,16.81928253173828,26538270
2023-09-28,16.885562896728516,27606023
2023-10-02,17.200408935546875,55667084
2023-10-03,17.09269905090332,40283454
2023-10-04,16.935277938842773,39182771
2023-10-05,17.100982666015625,29248503
2023-10-06,17.19212532043457,33629045
2023-10-11,17.167264938354492,64157915
2023-10-12,17.308116912841797,32063818
2023-10-13,17.067840576171875,57024189
2023-10-16,16.984987258911133,43750431
2023-10-17,16.868993759155273,56061899
2023-10-18,16.603864669799805,143536531
2023-10-19,16.58729362487793,84797063
2023-10-20,16.446443557739258,106586613
2023-10-23,16.313875198364258,76514993
2023-10-24,16.454729080200195,48991306
2023-10-25,16.48786735534668,36629714
2023-10-26,16.272445678710938,84772508
2023-10-27,16.371871948242188,32017765
2023-10-30,16.347017288208008,46261158
2023-10-31,16.156452178955078,76427639
2023-11-01,16.24759292602539,67503187
2023-11-02,16.537578582763672,49251348
2023-11-03,16.570720672607422,51686927
2023-11-06,16.777856826782227,57326058
2023-11-07,16.736427307128906,45849807
2023-11-08,16.960134506225586,56486234
2023-11-09,16.951847076416016,51432392
2023-11-10,16.868993759155273,60597800
2023-11-13,16.868993759155273,77446183
2023-11-14,17.00984764099121,68348875
2023-11-15,17.142410278320312,134637787
2023-11-16,17.07498550415039,103214707
2023-11-17,17.16769790649414,39534378
2023-11-20,17.15926742553711,51396298
2023-11-21,17.4205322265625,98100195
2023-11-22,17.319395065307617,51490007
2023-11-23,17.226694107055664,51162317
2023-11-24,17.201404571533203,25565664
2023-11-27,17.12555503845215,55767132
2023-11-28,17.218263626098633,29214712
2023-11-29,17.310970306396484,37108341
2023-11-30,17.353111267089844,33368263
2023-12-01,17.28568458557129,40404946
2023-12-04,17.32782554626465,46396245
2023-12-05,17.243545532226562,53583896
2023-12-06,17.319395065307617,36462923
2023-12-07,17.28568458557129,35097685
2023-12-08,17.361536026000977,39399495
2023-12-11,17.369966506958008,40050970
2023-12-12,17.386821746826172,49981023
2023-12-13,17.555376052856445,78563428
2023-12-14,17.782934188842773,91748684
2023-12-15,17.690229415893555,60956723
2023-12-18,17.732370376586914,51770374
2023-12-19,17.648088455200195,49331514
2023-12-20,17.86721420288086,76684352
2023-12-21,17.791362762451172,50970645
2023-12-22,17.8250732421875,37434812
2023-12-25,18.01891326904297,66038344
2023-12-26,18.12005043029785,48994387
2023-12-27,18.33917808532715,74157060
2023-12-28,18.347604751586914,58915452
2023-12-29,18.372888565063477,51489783
2024-01-02,18.17061996459961,67260680
2024-01-03,17.90935516357422,90135719
2024-01-04,17.875640869140625,30481658
2024-01-05,17.86721420288086,32533210
2024-01-08,17.926206588745117,38935139
2024-01-09,17.90935516357422,29676057
2024-01-10,17.782934188842773,35776774
2024-01-11,17.875640869140625,26438285
2024-01-12,17.858783721923828,28591225
2024-01-15,17.858783721923828,0
2024-01-16,17.75765037536621,56911097
2024-01-17,17.572237014770508,80232484
2024-01-18,17.555376052856445,49658019
2024-01-19,17.917783737182617,52036967
2024-01-22,18.2380428314209,70849685
2024-01-23,18.2296142578125,39339247
2024-01-24,18.2380428314209,31680662
2024-01-25,18.280183792114258,42461082
2024-01-26,18.13690757751465,50259475
2024-01-29,18.26332664489746,34955276
2024-01-30,18.28860855102539,34675646
2024-01-31,18.2296142578125,30299147
2024-02-01,18.297035217285156,58970878
2024-02-02,18.415029525756836,55757645
2024-02-05,18.448740005493164,66421207
2024-02-15,18.710006713867188,105327222
2024-02-16,18.802711486816406,85858588
2024-02-19,18.79428482055664,104329753
2024-02-20,18.878564834594727,67869478
2024-02-21,18.785856246948242,108959493
2024-02-22,18.886991500854492,68834085
2024-02-23,18.92913246154785,109489867
2024-02-26,18.886991500854492,195072647
2024-02-27,18.74969482421875,224613060
2024-02-29,18.869829177856445,72056253
2024-03-01,18.904155731201172,52049121
2024-03-04,18.9384765625,80993538
2024-03-05,19.024288177490234,68172085
2024-03-06,19.12726402282715,83117793
2024-03-07,19.161584854125977,108255604
2024-03-08,19.144428253173828,164554190
2024-03-11,19.170169830322266,87403177
2024-03-12,19.350370407104492,76507821
2024-03-13,19.324628829956055,76052745
2024-03-14,19.13584327697754,62325079
2024-03-15,19.204492568969727,55617229
2024-03-18,19.195911407470703,48929094
2024-03-19,19.21307373046875,47903160
2024-03-20,19.12726402282715,51536259
2024-03-21,19.324628829956055,61992607
2024-03-22,19.3417911529541,62651587
2024-03-25,19.290302276611328,32774352
2024-03-26,19.230236053466797,52869918
2024-03-27,19.350370407104492,29893624
2024-03-28,19.36753273010254,35148012
2024-03-29,19.444761276245117,53506000
2024-04-01,19.39327621459961,30420358
2024-04-02,19.45334243774414,29462781
2024-04-03,19.419021606445312,26396184
2024-04-08,19.487668991088867,36405475
2024-04-09,19.530574798583984,20121678
2024-04-10,19.564895629882812,39560142
2024-04-11,19.539154052734375,29460878
2024-04-12,19.47909164428711,37687228
2024-04-15,19.31604766845703,65459381
2024-04-16,18.8784122467041,155997996
2024-04-17,19.007125854492188,47563981
2024-04-18,19.024288177490234,26678918
2024-04-19,18.655302047729492,153587600
2024-04-22,18.49226188659668,66845534
2024-04-23,18.55232810974121,37502623
2024-04-24,18.904155731201172,29414157
2024-04-25,18.681047439575195,48816438
2024-04-26,18.741113662719727,35576725
2024-04-29,19.101520538330078,42044556
2024-04-30,19.101520538330078,19014713
2024-05-02,19.06719398498535,129879245
2024-05-03,19.13584327697754,63184164
2024-05-06,19.419021606445312,67089486
2024-05-07,19.530574798583984,94260122
2024-05-08,19.64212989807129,66133413
2024-05-09,19.59064292907715,66899359
2024-05-10,19.839494705200195,70238312
2024-05-13,19.873817443847656,78343692
2024-05-14,19.993953704833984,78607071
2024-05-15,20.07976531982422,119051592
2024-05-16,20.225643157958984,123324122
2024-05-17,20.164247512817383,130432002
2024-05-20,20.190561294555664,97753496
2024-05-21,20.058998107910156,64719505
2024-05-22,20.348438262939453,62166337
2024-05-23,20.330894470214844,41008896
2024-05-24,20.313352584838867,26534807
2024-05-27,20.64664649963379,80009098
2024-05-28,20.664186477661133,43972183
2024-05-29,20.46245765686035,47877124
2024-05-30,20.26949691772461,57172907
2024-05-31,20.23441505432129,46308103
2024-06-03,20.392288208007812,32282389
2024-06-04,20.216873168945312,54713645
2024-06-05,20.085308074951172,87159157
2024-06-06,20.173019409179688,41368927
2024-06-07,20.18178939819336,28061195
2024-06-11,20.146705627441406,48607435
2024-06-12,20.199331283569336,28302783
2024-06-13,20.444915771484375,66360710
2024-06-14,20.46245765686035,37816262
2024-06-17,20.497543334960938,39133976
2024-06-18,20.620332717895508,41594766
2024-06-19,20.9010009765625,85749929
2024-06-20,21.032562255859375,38678950
2024-06-21,20.91854476928711,60834214
2024-06-24,20.77821159362793,44577991
2024-06-25,20.7255802154541,36872876
2024-06-26,20.699270248413086,36100225
2024-06-27,20.637874603271484,40496454
2024-06-28,20.77821159362793,23661401
2024-07-01,20.944854736328125,31755393
2024-07-02,20.892229080200195,28155629
2024-07-03,21.0150203704834,31747233
2024-07-04,21.137813568115234,32859619
2024-07-05,21.22552490234375,32036114
2024-07-08,21.357086181640625,40632152
2024-07-09,21.348316192626953,43098426
2024-07-10,21.36585807800293,26983621
2024-07-11,21.558818817138672,26345289
2024-07-12,21.400941848754883,45522794
2024-07-15,21.392169952392578,50562015
2024-07-16,21.348316192626953,39641047
2024-07-17,21.22552490234375,49567781
2024-07-18,21.02379035949707,87174476
2024-07-19,20.699270248413086,93037499
2024-07-22,20.348438262939453,127774288
2024-07-23,20.576475143432617,49053714
2024-07-26,20.26072883605957,116944848
2024-07-29,20.164247512817383,87781170
2024-07-30,20.10284996032715,101100549
2024-07-31,20.146705627441406,42981842
2024-08-01,20.48876953125,87874840
2024-08-02,20.058998107910156,218627732
2024-08-05,18.69951057434082,353167988
2024-08-06,19.173137664794922,204430642
2024-08-07,19.620454788208008,112742744
2024-08-08,19.38364028930664,110911852
2024-08-09,19.795867919921875,88813669
2024-08-12,20.10284996032715,75725354
2024-08-13,20.164247512817383,68193509
2024-08-14,20.401063919067383,70941178
2024-08-15,20.287038803100586,133994947
2024-08-16,20.538606643676758,70893972
2024-08-19,20.55657386779785,50473571
2024-08-20,20.5655574798584,34529380
2024-08-21,20.493682861328125,37771931
2024-08-22,20.41282081604004,37863016
2024-08-23,20.448760986328125,46888950
2024-08-26,20.60149574279785,53075703
2024-08-27,20.5655574798584,35091515
2024-08-28,20.60149574279785,32819685
2024-08-29,20.574542999267578,37785418
2024-08-30,20.583526611328125,26814108
2024-09-02,20.574542999267578,31249481
2024-09-03,20.484699249267578,42814559
2024-09-04,19.8467960357666,170908092
2024-09-05,19.837812423706055,54513982
2024-09-06,20.089380264282227,37178700
2024-09-09,19.882734298706055,85071163
2024-09-10,19.828828811645508,53609070
2024-09-11,19.76593780517578,44677502
2024-09-12,20.00851821899414,28123914
2024-09-13,20.01750373840332,32608927
2024-09-16,20.044458389282227,34300972
2024-09-18,19.936641693115234,39945592
2024-09-19,20.053442001342773,23487489
2024-09-20,20.17024040222168,23467125
2024-09-23,20.287038803100586,30478585
2024-09-24,20.367900848388672,22520933
2024-09-25,20.55657386779785,34852763
2024-09-26,20.619468688964844,39288373
2024-09-27,20.637435913085938,35778561
2024-09-30,20.439775466918945,49619256
2024-10-01,20.394853591918945,41396095
2024-10-04,20.26906967163086,56134605
2024-10-07,20.331960678100586,47852185
2024-10-08,20.2061767578125,50919008
2024-10-09,20.296022415161133,23572237
2024-10-11,20.42180633544922,31555084
2024-10-14,20.46672821044922,26645566
2024-10-15,20.673372268676758,37948094
2024-10-16,20.5655574798584,39985495
2024-10-17,20.700326919555664,26069244
2024-10-18,20.77220344543457,51239794
2024-10-21,20.763219833374023,31960673
2024-10-22,20.82611083984375,26747290
2024-10-23,20.727279663085938,40670977
2024-10-24,20.646419525146484,41360207
2024-10-25,20.754234313964844,21040621
2024-10-28,20.781185150146484,33847998
2024-10-29,20.592512130737305,89902786
2024-10-30,20.547592163085938,39014736
2024-11-01,20.457744598388672,105527311
2024-11-04,20.52962303161621,101921924
2024-11-05,20.65540313720703,76102981
2024-11-06,20.700326919555664,86823996
2024-11-07,20.835094451904297,63418339
2024-11-08,20.84408187866211,69053109
2024-11-11,20.817127227783203,95644133
2024-11-12,20.592512130737305,236028182
2024-11-13,20.592512130737305,171260171
2024-11-14,20.4307918548584,293545333
2024-11-15,20.42180633544922,282062343
2024-11-18,20.311317443847656,232262373
2024-11-19,20.403392791748047,89665040
2024-11-20,20.375770568847656,377933
2024-11-21,20.32973289489746,77025916
2024-11-22,20.39418601989746,41897874
2024-11-25,20.532291412353516,36842198
2024-11-26,20.42180633544922,65681073
2024-11-27,20.2192440032959,146089682
2024-11-28,20.016685485839844,159705162
2024-11-29,20.035099029541016,75527312
2024-12-02,20.30211067199707,45230984
2024-12-03,20.348148345947266,66679588
2024-12-04,20.42180633544922,36642453
2024-12-05,20.495466232299805,37748183
2024-12-06,20.578332901000977,40305929
2024-12-09,20.578332901000977,42493611
2024-12-10,20.495466232299805,35946357
2024-12-11,20.41259765625,41522463
2024-12-12,20.486257553100586,27148184
2024-12-13,20.431013107299805,42060909
2024-12-16,20.338939666748047,64561176
2024-12-17,20.348148345947266,24761884
2024-12-18,20.458637237548828,31058297
2024-12-19,20.320526123046875,70254150
2024-12-20,20.246868133544922,78428577
2024-12-23,20.458637237548828,32930842
2024-12-24,20.541501998901367,27737166
2024-12-25,20.59674644470215,21839727
2024-12-26,20.59674644470215,20914691
2024-12-27,20.624366760253906,24098445
2024-12-30,20.532291412353516,26409553
2024-12-31,20.42180633544922,42956228
2025-01-02,20.320526123046875,67784974
2025-01-03,20.375770568847656,29900106
2025-01-06,20.64278221130371,60609350
2025-01-07,20.698026657104492,45333535
2025-01-08,20.6704044342041,29480773
2025-01-09,20.440223693847656,43428040
2025-01-10,20.311317443847656,75917947
2025-01-13,20.062725067138672,170624011
2025-01-14,20.20083236694336,40572936
2025-01-15,20.090341567993164,56389260
2025-01-16,20.246868133544922,34085856
2025-01-17,20.246868133544922,32638091
2025-01-20,20.39418601989746,32893502
2025-01-21,20.47705078125,26904863
2025-01-22,20.51388168334961,35396659
2025-02-03,20.39418601989746,150889839
2025-02-04,20.320526123046875,100327608
2025-02-05,20.495466232299805,58963181
2025-02-06,20.532291412353516,69197551
2025-02-07,20.59674644470215,43319721
2025-02-10,20.578332901000977,82397791
2025-02-11,20.633573532104492,52486094
2025-02-12,20.679611206054688,50234418
2025-02-13,20.900585174560547,67951439
2025-02-14,20.8453426361084,65691490
2025-02-17,21.020278930664062,89362966
2025-02-18,21.112354278564453,83707961
2025-02-19,21.139976501464844,137193659
2025-02-20,21.130565643310547,139821121
2025-02-21,21.309398651123047,47785024
2025-02-24,21.234098434448242,51171973
2025-02-25,21.196453094482422,61962226
2025-02-26,21.318811416625977,42374378
2025-02-27,21.08350372314453,99412791
2025-03-03,20.951732635498047,121161783
2025-03-04,20.857608795166016,143868472
2025-03-05,21.01761817932129,38133151
2025-03-06,21.01761817932129,39845549
2025-03-07,20.895259857177734,56386995
2025-03-10,20.82937240600586,76850489
2025-03-11,20.612890243530273,259925138
2025-03-12,20.612890243530273,64163693
2025-03-13,20.490530014038086,117348743
2025-03-14,20.46229362487793,104384924
2025-03-17,20.528179168701172,72713425
2025-03-18,20.707014083862305,61003726
2025-03-19,20.594066619873047,76686752
2025-03-20,20.744661331176758,41514218
2025-03-21,20.707014083862305,31643402
2025-03-24,20.64112663269043,60445632
2025-03-25,20.612890243530273,48423184
2025-03-26,20.688186645507812,33245595
2025-03-27,20.53759002685547,109002572
2025-03-28,20.415231704711914,182800618
2025-03-31,19.859907150268555,322422940
2025-04-01,20.123451232910156,61620168
2025-04-02,20.01991844177246,68499928
2025-04-07,18.024513244628906,158595449
2025-04-08,17.63861083984375,421056059
2025-04-09,16.753854751586914,338068608
2025-04-10,18.429243087768555,279497261
2025-04-11,18.523365020751953,206602904
2025-04-14,18.702198028564453,133321193
2025-04-15,18.98456573486328,54942977
2025-04-16,18.815143585205078,74207982
2025-04-17,18.636310577392578,59740939
2025-04-18,18.645723342895508,32804405
2025-04-21,18.532777786254883,46159140
2025-04-22,18.297470092773438,57881374
2025-04-23,18.69278335571289,38044044
2025-04-24,18.561012268066406,46138558
2025-04-25,18.90926742553711,43291575
2025-04-28,19.00339126586914,36217266
2025-04-29,19.09751319885254,33814359
2025-04-30,19.1163387298584,32577998
2025-05-02,19.323408126831055,64783405
2025-05-05,19.191635131835938,90911260
2025-05-06,19.238698959350586,61844804
2025-05-07,19.248111724853516,41576928
2025-05-08,19.313997268676758,44630335
2025-05-09,19.445768356323242,44864585
2025-05-12,19.64342498779297,68992302
2025-05-13,19.775196075439453,76899915
2025-05-14,20.01050567626953,72970895
2025-05-15,19.98226547241211,103383546
2025-05-16,20.01050567626953,153694835
2025-05-19,19.83725357055664,125655868
2025-05-20,19.808378219604492,45884738
2025-05-21,20.01050567626953,45325714
2025-05-22,19.904626846313477,30976133
2025-05-23,19.827627182006836,37648286
2025-05-26,19.77950096130371,35067829
2025-05-27,19.654375076293945,42268106
2025-05-28,19.66400146484375,33281437
2025-05-29,19.66400146484375,30893603
2025-06-02,19.298248291015625,98303346
2025-06-03,19.48112678527832,35822905
2025-06-04,19.721752166748047,40029811
2025-06-05,19.66400146484375,31937012
2025-06-06,19.712125778198242,31260637
2025-06-09,19.76025390625,29110743
2025-06-10,19.923879623413086,49699219
2025-06-11,20.029752731323242,39408131
2025-06-12,20.058629989624023,36053687
2025-06-13,20.058629989624023,56057407
2025-06-16,20.077878952026367,45050180
2025-06-17,20.087505340576172,32658672
2025-06-18,20.135629653930664,40453904
2025-06-19,20.029752731323242,24092779
2025-06-20,19.923879623413086,26520087
2025-06-23,19.818004608154297,39743912
2025-06-24,20.106754302978516,31797596
2025-06-25,20.174129486083984,28777813
2025-06-26,20.135629653930664,38146188
2025-06-27,20.164505004882812,26592718
2025-06-30,20.116378784179688,25527422
2025-07-01,20.174129486083984,46292298
2025-07-02,20.251131057739258,24100487
2025-07-03,20.33775520324707,36470352
2025-07-04,20.212629318237305,32141243
2025-07-07,20.18375587463379,37790216
2025-07-08,20.087505340576172,38312892
2025-07-09,20.15488052368164,24488839
2025-07-10,20.22225570678711,29381268
2025-07-11,20.29925537109375,27123461
2025-07-14,20.241504669189453,31710439
2025-07-15,20.347381591796875,30843938
2025-07-16,20.405132293701172,37218982
2025-07-17,20.424381256103516,23186419
2025-07-18,20.44363021850586,31974039
2025-07-21,20.424381256103516,32429932
2025-07-22,20.241504669189453,49947239
2025-07-23,20.3955078125,29091980
2025-07-24,20.43400764465332,27102806
2025-07-25,20.41475486755371,26640284
2025-07-28,20.453256607055664,38743386
2025-07-29,20.308881759643555,67869596
2025-07-30,20.318506240844727,41731467
2025-07-31,20.26075553894043,54792027
2025-08-01,20.26075553894043,79148842
2025-08-04,20.289630889892578,52751879
2025-08-05,20.453256607055664,40492996
2025-08-06,20.44363021850586,49186964
2025-08-07,20.46288299560547,52849688
2025-08-08,20.46288299560547,41603112
2025-08-11,20.44363021850586,65504387
2025-08-12,20.44363021850586,44110821
2025-08-13,20.405132293701172,84249306
2025-08-14,20.41475486755371,60662541
2025-08-15,20.36663055419922,131388560
2025-08-18,20.327388763427734,160137048
2025-08-19,20.28814697265625,50134891
2025-08-20,20.0625057220459,130850884
2025-08-21,20.08212661743164,44093996
2025-08-22,19.993831634521484,49552982
2025-08-25,20.131179809570312,38987431
2025-08-26,20.0625057220459,30650749
2025-08-27,20.072315216064453,33938378
2025-08-28,20.03307342529297,37474705
2025-08-29,19.964401245117188,54914078
2025-09-01,19.797622680664062,82119784
2025-09-02,19.88591766357422,33349933
2025-09-03,19.88591766357422,24887126
2025-09-04,20.013452529907227,36348714
2025-09-05,20.11155891418457,32522462
2025-09-08,20.248905181884766,52599736
2025-09-09,20.327388763427734,45627158
2025-09-10,20.44511604309082,77266273
2025-09-11,20.454927444458008,81003067
2025-09-12,20.602083206176758,64363290
2025-09-15,20.65113639831543,67935686
2025-09-16,20.7296199798584,48155511
2025-09-17,20.631515502929688,35484694
2025-09-18,20.71000099182129,69725523
2025-09-19,20.847347259521484,87273061
2025-09-22,20.974882125854492,66025435
2025-09-23,21.023937225341797,63647569
2025-09-24,20.974882125854492,40663565
2025-09-25,20.974882125854492,31894377
2025-09-26,20.827726364135742,63673843
2025-09-30,20.955263137817383,36141073
2025-10-01,20.827726364135742,38848742
2025-10-02,20.837535858154297,32408701
2025-10-03,20.866968154907227,42003204
2025-10-07,21.06317710876465,98287334
2025-10-08,21.082799911499023,42459123
2025-10-09,21.112232208251953,40829685
2025-10-13,20.90620994567871,76845867
2025-10-14,20.798295974731445,53832284
2025-10-15,20.788484573364258,39476409
2025-10-16,20.945451736450195,43469011
2025-10-17,20.955263137817383,40548689
2025-10-20,21.053367614746094,46786790
2025-10-21,21.092609405517578,45857110
2025-10-22,21.112232208251953,24815658
2025-10-23,21.102420806884766,22474794
2025-10-27,21.31825065612793,61821484
2025-10-28,21.24957847595215,28165404
2025-10-29,21.34768295288086,45620560
2025-10-30,21.337873458862305,50162997
2025-10-31,21.308441162109375,26670694
2025-11-03,21.279010772705078,56893269
2025-11-04,21.161283493041992,69039131
2025-11-05,21.053367614746094,97972978
2025-11-06,21.14166259765625,42848886
2025-11-07,20.925830841064453,72413056
2025-11-10,20.93564224243164,39690525
2025-11-11,20.974882125854492,33435979
2025-11-12,20.994504928588867,36406553
2025-11-13,21.004314422607422,39592963
2025-11-14,20.866968154907227,101170339
2025-11-17,20.71000099182129,161040955
2025-11-18,20.350000381469727,202516934
2025-11-19,20.260000228881836,76667853
2025-11-20,20.56999969482422,35143271
2025-11-21,20.329999923706055,66499569
2025-11-24,20.559999465942383,38946413
2025-11-25,20.540000915527344,28885357
2025-11-26,20.75,32293662
2025-11-27,20.920000076293945,39377745
2025-11-28,20.829999923706055,31154949
2025-12-01,20.860000610351562,34658805
